NO,Composition
P0001,Danggui;Baishao;Qianghuo;Qingjiu
P0002,Dahuang;Danggui;Shexiang;Mudanpi;Taoren;Honghua;Baishao;Ruxiang;Moyao;Shengdihuang;Shengdihuang;Chaihu;Huangqin;Jiqiao;Gancao
P0003,Xiangfu;Zisu;Wuyao;Chenpi;Chuangong;Danggui;Ruxiang;Moyao;Cangshu;Jiqiao;Gancao
P0004,Sanqi;Danggui;Yanhusuo;Ruxiang;Moyao;Xiejie;Sumu;Wulinzhi;Chishao;Honghua
P0005,Cangshu;Gegen;Jiegen;Danggui;Fulin;Baizhi;Jiqiao;Gancao;Chenpi;Baishao
P0006,Danggui;Zelan;Taoren;Honghua;Chuangong;Sumu;Mudanpi
P0007,Sanleng;Wushu;Chishao;Huangbai;Huanglian;Qingpi;Zisu;Yema;Xiangfu;Chaihu;Ruxiang
P0008,Yanhusuo;Danggui;Sumu;Taoren;Honghua;Chishao;Wulinzhi;Moyao
P0009,Zijinpi;Wujiapi;Chuangong;Wuyao;Rougui;Yanhusuo;Muxiang;Yujin;Qianghuo;Ruxiang;Mudanpi;Danggui
P0010,Rougui;Ruxiang;Moyao;Muxiang;Yangzhizhuo;Qianghuo;Chuangong;Yanhusuo;Zijinpi;Wujiapi;Mudanpi;Yujin;Wuyao
P0011,Ajiao;Shudihuang;Chishao;Danggui;Chuangong;Ganjiang
P0012,Dousha;Xionghuang;Xiyueshi;Qingmengshi;Xieshi;Xixiepo;Shexiang;Dameipian
P0013,Chuangong;Caowu;Banxia;Mahuang;Chansu;Tiannanxin
P0014,Badou;Ruxiang;Moyao;Banxia;Xishatou;Danggui;Xionghuang;Tubiechong;Xiangguazi;Xiejie
P0015,Tubiechong;Ruxiang;Moyao;Xiejie;Banxia;Danggui;Badou;Sharen;Xionghuang;Xiangtianguazi
P0016,Sumu;Zirantong;Ruxiang;Moyao;Xiejie;Shexiang;Honghua;Dingxiang;Mubiezi
P0017,Ruxiang;Moyao;Badou;Husuibu;Banxia;Danggui;Mangxiao;Dahuang;Xiejie;Zirantong;Wumingyi
P0018,Hugu;Guijia;Danggui;Rougui;Dilong;Liuxi;Liulu;Qilinxian;Zirantong;Yanhusuo
P0019,Baji;Danggui;Shengdihuang;Shaoyao;Chuangong;Dahuang
P0020,Baifuzi;Xuduan;Fangfeng
P0021,Jiegen;Baizhi;Gancao;Chuangong;Shangui;Xixin;Wuchuan;Xuduan;Danggui;Liuxi;Xiangfu;Huajiao;Chishao;Zelan;Baiyangpi
P0022,Baiyangpi;Jiegen;Chishao;Chuangong;Baizhi;Shangui;Xixin;Gancao;Huajiao;Wuchuan;Xuduan;Liuxi;Zelan;Danggui;Xiangfu
P0023,Chuangong;Chishao;Danggui;Baihe;Shengdihuang;Cebai;Jingjie;Xijiao;Mudanpi;Huangqin;Huanglian;Zhizi;Yujin;Dahuang
P0024,Baihe;Chuangong;Danggui;Baishao;Jingjie
P0025,Shengdihuang;Danggui;Baiji;Husuibu;Lurong;Xuduan;Heshouwu;Gancao
P0026,Buguzhi;Husuibu;Duzhong;Chuanliuxi;Xuduan;Roucongrong;Heidou;Danggui;Jixieteng;Sanqi;Hupo;Xiejie;Chenxiang
P0027,Baipu;Jiumazhendai;Luanfa;Danggui;Chishao;Shengdihuang;Taoren
P0028,Wuchuan;Caowu;Dahuang;Wulinzhi;Rougui;Muxiang;Xixin;Xiangfu;Yanhusuo;Sanleng;Wushu;Chaihu;Qingpi;Zhishi;Taoren;Honghua;Sumu;Bajiaohuixiang;Xiaohuixiang;Danggui;Gancao;Fengfang;Puhuang;Yinggu;Tubiechong;Guanghuang;Sanqi;Huajiao;Chenpi;Wuyao;Shedan;Xieguanemaohui
P0029,Bashuang;Qianniuzi;Dahuang;Xiejie;Zhusha;Shexiang
P0030,Dilong;Shixie;Tugou;Shuizhi;Tubiechong;Ruxiang;Moyao;Xiejie;Tianleishi
P0031,Piaojiao
P0032,Danggui;Wuyao;Zhishi;Sumu;Mudanpi;Shihu;Qingjiu;Chishao;Yinhua;Taoren;Honghua;Zicao;Houjiang;Dahuang;Ruxiang;Moyao;Gancao
P0033,Zirantong;Ruxiang;Moyao;Tubiechong
P0034,Shanzhizhu;Heshouwu;Huangsigua;Yunmushi;Zirantong
P0035,Gutongqian;Ruxiang;Moyao
P0036,Buguzhi;Ruxiang;Zirantong;Shitingzhi;Mubiezi;Xuduan;Wuguji;Wugui
P0037,Danggui;Shudihuang;Baishao;Honghua;Ruxiang;Fulin;Husuibu;Chenpi;Moyao;Dingxiang
P0038,Wujiapi;Shechuangzi;Chenxiang;Dingxiang;Chuanliuxi;Fulin;Lianrui;Roucongrong;Tusizi;Danggui;Shudihuang;Mudanpi;Mugua;Liuxi;Renshen;Muxiang
P0039,Renshen;Baishu;Gancao;Fulin;Shengdihuang;Danggui;Baishao;Chuangong;Huangqi;Rougui
P0040,Danggui;Chuangong;Chishao;Shengbian;Baishao;Liuxi;Xuduan;Baizhi;Duzhong;Husuibu;Wujiapi;Qianghuo;Duhuo;Tiannanxin;Fangfeng;Rougui;Ruxiang;Moyao;Muxiang;Dingpi;Bajiaohuixiang
P0041,Danggui;Chuangong;Baishao;Shengdihuang;Buguzhi;Muxiang;Wulinzhi;Digupi;Fangfeng;Ruxiang;Moyao;Xiejie
P0042,Danggui;Chuangong;Baishao;Shudihuang;Muxiang;Mudanpi;Ruxiang;Moyao;Husuibu;Zirantong;Honghua;Xiejie;Zhusha;Dingxiang;Renshen;Hugu;Gutongqian
P0043,Baishu;Cangshu;Chenpi;Banxia;Tiannanxin;Fulin;Muxiang;Huoxiang;Gancao
P0044,Huangqi;Baishao;Sangzhi;Dangshen;Shudihuang;Mudanpi;Fulin;Qilinxian;Honghua;Heshouwu;Duhuo;Taoren;Danggui;Mugua;Chishao;Chuangong;Duzhong;Dilong;Fangji;Xiangfu;Gancao
P0045,Huangqi;Renshen;Gancao;Banxia;Baishao;Duhuo;Fangfeng;Baishu;Fulin;Zexie;Chaihu;Lianqiao;Qianghuo
P0046,Huangqi;Dangshen;Dingxiang;Danggui;Xiejie;Husuibu;Beiwuwei;Wujiapi;Moyao;Gancao;Fulin
P0047,Cansha
P0048,Wuchuan;Caowu;Husuibu;Chenpi;Ruxiang;Moyao;Shanmu
P0049,Zaojia;Mubiezi;Zijinpi;Baizhi;Banxia;Wuyao;Chuangong;Danggui;Wuchuan;Bajiaohuixiang;Zuonacao;Caowu;Muxiang
P0050,Chenxiang;Roucongrong;Liuxi;Danggui;Hugu;Lizi;Muxiang;Husuibu;Fuzi;Yunnaqi;Gancao;Xuduan;Shudihuang;Duhuo;Baizhi;Liujilu;Chuangong;Huangqi;Taoren;Mudanpi;Guijia;Dahuang
P0051,Duhuo;Wulinzhi;Ruxiang;Baizhi;Beihuixiang;Fangfeng;Baicaoshuang;Moyao;Shengdihuang;Chishao;Danggui;Baizhi;Jiegen;Caowu
P0052,Ruxiang;Moyao;Baiwojuzi;Wumei;Bailimi
P0053,Caowu;Shengdihuang;Tiannanxin;Banxia;Jiangcan;Wuyao
P0054,Chidili
P0055,Danggui;Chuangong;Shaoyao;Huangqi;Liangjiang;Pingpeng;Muxiang;Huangqin;Huanglian;Renshen;Dahuang;Rougui;Shengdihuang;Gancao
P0056,Shaoyao;Ruxiang;Jiegumu;Danggui;Chuangong;Zirantong
P0057,Mubiezi;Wuchuan;Tubiechong;Lujiao;Chuanshanjia;Tianma;Caowu;Chuangong;Shengma;Danggui;Naoyanghua;Xiangfu;Jiangcan;Wugong;Banao
P0058,Hupo;Xiejie;Jinfen;Zhusha
P0059,Chilian;Wuchuan;Tiannanxin;Shaoyao;Danggui;Husuibu;Liuxi;Xixin;Chixiaodou;Zirantong;Qingsangtan
P0060,Dahuang;Danggui;Chuangong
P0061,Dahuang;Chuangong;Jingjie;Tubiechong;Puhuang;Danggui;Rougui;Gancao;Taoren
P0062,Danggui;Chentangzi;Moyao;Mahuang;Xiangmo;Shengdihuang;Jiecaizi;Xiangfu;Shaoyao;Ruxiang
P0063,Tiannanxin;Shaoyao;Husuibu;Heidou;Dalijian;Wuchuan;Zirantong;Xiejie;Xixin;Baizhi;Mubiezi;Chuanliuxi;Moyao;Ruxiang;Qingsangtan
P0064,Dahuang;Danggui;Shexiang
P0065,Qingsangtan;Lijian;Husuibu;Tiannanxin;Baishao;Liuxi;Wuchuan;Heidou;Zirantong;Mubiezi;Xixin;Jiangxiang;Fengxiang;Ruxiang;Moyao;Xiejie
P0066,Baishu;Danggui;Baizhi;Gancao;Moyao;Ruxiang;Shengdihuang
P0067,Zijintengpi;Jiangxiang;Xuduan;Buguzhi;Wumingyi;Hupo;Puhuang;Liuxi;Danggui;Taoren;Dahuang;Mangxiao
P0068,Mudanpi;Danggui;Husuibu;Honghua;Xuduan;Ruxiang;Moyao;Taoren;Chuangong;Chishao;Shengdihuang
P0069,Danggui;Chuangong;Baishao;Shudihuang;Fangfeng;Lianqiao;Qianghuo;Duhuo;Ruxiang;Moyao;Baizhi;Xuduan;Duzhong
P0070,Dahuang;Danggui;Shexiang
P0071,Dahuang;Danggui
P0072,Danggui;Moyao;Shaoyao;Muxiang;Baizhi;Wuchuan;Chuangong;Shengdihuang;Yujin
P0073,Zelan;Danggui;Shaoyao;Baizhi;Chuangong;Rougui;Xuduan;Liuxi;Wuchuan;Huajiao;Jiegen;Gancao;Baiyangpi;Xixin
P0074,Chuangong;Danggui;Moyao;Ruxiang;Sumu
P0075,Danggui;Shengdihuang;Huajiao;Fuzi;Zelan;Chuangong;Gancao;Moyao;Ruxiang
P0076,Danggui;Shaoyao;Xuduan;Shengdihuang;Baizhi;Huangqin;Gancao;Liuxi
P0077,Danggui;Zexie;Chuangong;Honghua;Taoren;Mudanpi;Sumu
P0078,Danggui;Dahuang;Shengdihuang
P0079,Danggui;Chishao;Huajiao;Guijia;Qianjinteng;Husuibu;Chuangong;Ruxiang;Hugu;Moyao;Zirantong
P0080,Danggui;Honghua;Taoren;Gancao;Chishao;Wuyao;Xiangfu;Sumu;Rougui
P0081,Baicaoshuang;Chidou;Pingpeng;Fushe
P0082,Shexiang;Binpian;Jinfen;Yinfen;Zhusha;Minfan;Zaojia;Xixin;Qiangxiao;Jinbo;Yinbo;Jinbuhuan
P0083,Tubiechong;Mangxiao;Xiejie;Zirantong;Wuyao;Tugou;Yanhusuo;Danggui;Taoren;Qilinxian;Chuanliuxi;Shexiang;Xiangfu;Muxiang;Xuduan;Wujiapi;Hougu;Sumu;Beimu;Chenpi;Zelan;Wulinzhi;Tusizi
P0084,Shengdihuang;Jiu
P0085,Shengdihuang;Jiu;Taoren;Mudanpi;Rougui
P0086,Shudihuang;Danggui;Qianghuo;Kushen;Xuduan
P0087,Danggui;Rougui;Dilong;Mahuang;Sumu;Duhuo;Huangbai;Gancao;Qianghuo;Taoren
P0088,Diyu;Juan
P0089,Tubiechong;Ruxiang;Zirantong;Xiejie;Zhusha;Danggui;Shexiang;Moyao
P0090,Baishatang
P0091,Sanqi;Xiejie;Huanglian;Xieyutan;Wumingyi;Shila;Ruxiang;Moyao;Shanyangxie;Shengdihuang;Honghua;Tubiechong;Taoren;Xuduan;Dilong;Niuhuang;Chishao;Danggui;Xiepo;Zhenzhu;Yuanshe;Binpian;Renshen;Xiongdan;Ercha
P0092,Zelan;Danggui;Honghua;Mudanpi;Qingniuhuang;Taoren;Chishao
P0093,Chishao;Xiangfu;Yanhusuo;Sanleng;Honghua;Taoren;Husuibu;Qingpi;Wushu;Wuyao;Muxiang;Sumu;Danggui
P0094,Shexiang;Ruxiang;Zirantong;Honghua;Danggui;Sharen;Sanqi;Xiangfu;Wushu;Mutong;Suoyang;Qilinxian;Wujiapi;Shengdihuang;Wuzhuyu;Duzhong;Mubiezi;Caowu;Banxia;Zhusha;Shengdihuang;Wuchuan;Ganqi;Chishao;Xixin;Jiqiao;Sumu;Qianghuo;Duhuo;Gongdingxiang;Bajiaohuixiang;Moyao;Heshouwu;Wuchuan;紫花地丁;Chenpi;Tubiechong;Qingpi;Songjie;Gancao;Taoren;海马;Sanleng;Husuibu;Hugu;Buguzhi;Baizhi;Lujiao;钧麻;刺猬皮;碎蛇;Zelan;红Liuxi;Qiancao;干Jiu
P0095,Chaihu;Huangqin;Wulinzhi;Taoren;Danggui;Chishao;Chuangong;Honghua;Sumu;Xuduan;Husuibu;Sanleng;Fushui;Wushu
P0096,Danggui;Wujiapi;Shengdihuang;Buguzhi;Husuibu;Shidagonglao;Yiniren;Zijinpi;Muxiang;Qianghuo;Chuangong;Duzhong;Wushu;Taoren;Hugu
P0097,Danggui;Chuangong;Tubiechong;Xiejie;Moyao;Ruxiang;Zirantong;Maqianzi;Mahuang
P0098,Ruxiang;Tubiechong;Fangfeng;Danggui;Mudanpi;Mutong;Sanqi;Tianguazi;Husuibu;Baishao;Gancao;Zhishi;Sumu;Taoren;Jianghuang;Moyao;Xiejie;Liujilu;Xuduan;Chishao;Jiegen;Honghua;Sanleng;Zirantong
P0099,Dahuang;Qingpi;Liujilu;Sumu;Taoren;Zhishi;Wujiapi;Chuangong;Tubiechong;Jiangxiang;Shanzha;Sanleng;Honghua;Linxiaohua;Danggui;Chishao;Yanhusuo;Qilinxian;Chuanliuxi;Binlang;Mudanpi;Ruxiang;Xiangfu;Moyao;Wushu;Zirantong;Xiejie
P0100,Chishao;Sumu;Jiqiao;Honghua;Sanqi;Dahuang;Ruxiang;Shengdihuang;Zexie;Tubiechong;Zelan;Danggui;Taoren;Xiejie;Moyao
P0101,Xiangfu;Puhuang;Baiji;Chishao;Chenpi;Wulinzhi;Sanqi;Muxiang;Dahuang;Yanhusuo;Xuduan;Wuyao;Sanleng;Wushu;Honghua;Chuangong;Yujin;Zhishi;Mudanpi;Qingpi;Fangfeng;Qilinxian;Danggui
P0102,Ruxiang;Sumu;Moyao;Zirantong;Dilong;Wumingyi;Danggui;Tubiechong;Xiejie;Dahuang;Mangxiao;Husuibu;Maqianzi
P0103,Chenxiang;Moyao;Qilinxian;Hugu;Ercha;Tubiechong;Baishao;Zhusha;Ruxiang;Xiejie;Shexiang;Liuxi;Dingxiang;Wujiapi;Duzhong;Buguzhi;Xiaohuixiang;Maidong;知母;Zirantong;Hougu;Bajiaohuixiang;Xixin;Fulin;Danggui;Huangbai;Tusizi;枸杞;橘红;京皮;山药;Qianghuo;Duhuo;Yanhusuo;Mudanpi;Chuangong;Shengdihuang;Mugua;西香
P0104,Xiepo;Dangshen;Husuibu;Shengdihuang;Shanyangxie;Xuduan;Danggui;Dilong;Wumingyi;Chishao;Honghua;Qianghuo;Jinbiantubiechong;Huafen;Shizhi;Taoren;Ruxiang;Moyao;Sumu;Sanqi
P0105,Dinggongteng;Shengdihuang;Mahuang;Qianghuo;Danggui;Chuangong;Baizhi;Buguzhi;Ruxiang;Zaojia;Chenpi;Cangshu;Houpu;Xiangfu;Muxiang;Jiqiao;Baishu;山药;黄精;Tusizi;Xiaohuixiang;Kuxinren;Zexie;Wulinzhi;Cansha
P0106,Shexiang;Moyao;Hongliangzi;Wuyao;Dilong;Wuchuan;Caowu;Wulinzhi;Mubiezi;Huixiang;Qianniuzi;Husuibu;Qilinxian;Jinmaogouji;Fangfeng;Zirantong;Yuyuliang;Chenpi;Qingpi
P0107,Cangshu;Rougui;Shudihuang;Moyao;Gancao;Puhuang
P0108,Hugu;Chuanshanjia;Ruxiang;Moyao;Guijia;Danggui;Zijinpi;Gutongqian;Husuibu
P0109,Mahuang;Xieyutan;Ruxiang
P0110,Ruxiang;Huajiao;Danggui;Moyao;Chishao;Chuangong;Zirantong;Yanhusuo
P0111,Caowu;Cangshu;Wancansha
P0112,Baiziren;Renshen;Fulin;Yuanzhi;Fulin;Suanzaoren
P0113,Dongguapi;Niupijiao
P0114,Ruxiang;Moyao
P0115,Baizhi;Zijinpi;Liujilu;Danggui;Chishao;Qianniuzi;Chuanliuxi;Shengdihuang;Chuangong;Ruxiang;Moyao;Buguzhi;Mutong;Zirantong;Caowu;Muxiang;Wuchuan;Huoxiang;Husuibu;Muzei;Rougui;Qianghuo;Duhuo;Shudihuang;Liuxi
P0116,Yinsicao;Xiaoji
P0117,Huaruishi;Liuhuang
P0118,Chuangong;Danggui;Fangfeng;Jingjie;Qianghuo;Baizhi;Xixin;Manjinzi;Danshen;Ruxiang;Moyao;Taoren;Sumu;Zelan
P0119,Mangxiao;Tubiechong;Zirantong;Xiejie;Muxiang;Danggui;Taoren;Wushu;Wujiapi;Hougu;Yanhusuo;Sanleng;Sumu;Wulinzhi;Chishao;Jiucaizi;Puhuang;Buguzhi;Chenpi;Chuanbei;Jiqiao;Zhusha;Gegen;Sangjisheng;Rougui;Wuyao;Qianghuo;Shexiang;Duzhong;Qingjiu;Qianhu;Tugou;Qingpi
P0120,Qianghuo;Duhuo;Qingjiu;Jiangcan;Quanxie;Cangshu;Baizhi;Chuanshanjia;Wugong;Wuchuan;Caowu;Danggui;Shengdihuang;Mahuang
P0121,Fengkefen;Baicaoshuang
P0122,Fengxianhuagen
P0123,Fulin;Danggui;Maidong;Renshen;Huangqin;Caolongdan;Taoren
P0124,Fuzi;Qianniuzi
P0125,Fuzi;Guijia;Hugu;Lixie;Qianjinteng;Buguzhi;Baizhi;Husuibu;Zirantong;Xuduan;Chishao;Danggui;Rougui;Liuxi;Wuyao;Moyao;Ruxiang
P0126,Huangyangmu;Chuangong;Qingniuhuang;Danshen;Xixin;Shegan;Gualou;Yinchenjingao
P0127,Chaihu;Tianhuafen;Danggui;Honghua;Gancao;Chuanshanjia;Dahuang;Taoren
P0128,Chenpi;Qianniuzi;Gancao;Yanhusuo;Huixiang;Chuanshanjia;Muxiang;Danggui;Ruxiang;Moyao
P0129,Gancao;Fulin;Rougui;Kuxinren
P0130,Gancao;Fulin;Kuxinren;Renshen
P0131,Gansong;黄荆;Jiecaizi;赤蓼花;欓子;Jiangcan;螟蛉壳
P0132,Oujie
P0133,Wuchuan;Caowu;Xixin;Baizhi;Danggui;Pixie;Honghua
P0134,Husuibu;Zirantong;Hugu;Guijia;Moyao
P0135,Huanggualou;Rendong藤;Ruxiang;Sumu;Moyao;Gancao
P0136,Dahuang;Gancao;Mangxiao;Taoren;Danggui
P0137,Danggui;密蒙花;Huanglian;Shudihuang;楮实子;覆盆子;枸杞;Xuanshen;Lianqiao;Fangfeng;Shihu草;Chenpi;Baishao
P0138,Shengdihuang;Fuzi;Jiangcan;Puhuang;Cangshu;Gutongqian;Danggui
P0139,Rougui;Danggui;Puhuang;Dahuang
P0140,Shengdihuang
P0141,Haijinsha;Dahuang;Ruxiang;Moyao;Xiejie
P0142,Gualou;Rendong;Ruxiang;Sumu;Moyao;Gancao
P0143,Qingpi;Qianghuo;Danggui;Honghua;Sumu;Shengdihuang;Duzhong;Muxiang;Chenpi;Mudanpi;Mutong;Chuangong;Gancao
P0144,Zelan;Baibu;Liujilu;Houjiang;Sumu;Chenpi;Ruxiang;Gancao;Moyao;金Yinhua
P0145,Wujiapi;Qiancao;Liujilu;Honghua;Qingniuhuang;Jiqiao;Wushu;Wuyao;京Sanleng;Taoren;Chishao;Danggui
P0146,Yangzhizhuo;Dahuang;Chishao;Danggui;Honghua;Shengdihuang;Mudanpi;Tugou;土虱
P0147,Danggui;Yanhusuo;Zijinpi;Bajiaohuixiang;Wuchuan;Caowu;Gancao;Zirantong;Honghua;Puhuang;Danshen;Wulinzhi;Gansong;Shannai;Sharen
P0148,Dahuang;玄明粉;Taoren;Danggui;Honghua;鳖甲;Jiqiao;Yanhusuo;Shengdihuang;Mutong
P0149,Chuanshanjia;Danggui;Honghua;Sumu;Shengdihuang;Qilinxian;Wujiapi;Chuangong;Ruxiang;Moyao;Huafen;Gancao;Taoren;Xiejie;Dahuang
P0150,Renshen;Huangqi;Danggui;Baishao;Baishu;Fangfeng;Fulin;Shengdihuang;Chenpi;Gancao
P0151,Chishao;Danggui;Chuangong;Sumu;Chenpi;Ruxiang;Taoren;Xuduan;Wuyao;Moyao;Mutong;Gancao
P0152,Danggui;Taoren;Xiangfu;Wushu;Sanleng;Chishao;Chenxiang;Binlang;Jiangxiang;Ruxiang;Moyao;Gancao;Shexiang;Muxiang;Tubiechong;Wuyao;Jiqiao;Yanhusuo;Sumu;Jianghuang;鳖甲;Mudanpi
P0153,Gougu;Tianlingai;牛皮;Tiannanxin
P0154,Cangshu;Caowu;Shengjiang;Zirantong;Ruxiang;Moyao;Wulinzhi
P0155,Shuizhi;Tianxianzi;Moyao;Ruxiang;羊胫骨;大叶Wujuzi;Pixie;Fangfeng;Chishao;Caowu;Zirantong;梧桐泪
P0156,黄牛胫骨;定器
P0157,Baicaoshuang;蚌粉
P0158,Shudihuang;Chixiaodou;Ganjiang;藁本;Mahuang;Chuangong;Qianghuo;Gansong;Danggui;Wuchuan;Gancao;Huoxiang;Xiangmo;Caowu;Baizhi
P0159,Bailian;Baiji;Tiannanxin;Shaoyao;Danggui;Husuibu;Wuchuan;Liuxi;Baicaoshuang;Chixiaodou
P0160,干过腊鱼霜;山椒
P0161,Sumu;Honghua;Taoren;Chuanshanjia;Yanhusuo;Mudanpi;红曲;Xiangfu;Jiangxiang;麦芽;通草;Shanzha;Puhuang;Chishao
P0162,Liuxi;Wuchuan;Tiannanxin;Xixin;Heshouwu;Jiegen;Shangui;Danggui;Zirantong;Bailian;Chishao;Husuibu;Moyao;Qianghuo;Chixiaodou
P0163,Hugu;Mugua;Chuangong;Chuanliuxi;Danggui;Tianma;Wujiapi;Honghua;Xuduan;Baiqiegen;Yuzhu;Qingjiu;Fangfeng;Sangzhi
P0164,黄荆;Xuduan;Duhuo;Qingjiu;Haitongpi;鸡骨;Hugu;Longjiang;犬骨
P0165,Hugu;Guijia;Danggui;阳起石;Jianghuang;Husuibu;Zirantong;Chishao;Tianguazi;Moyao
P0166,Danggui;Chuangong;Shudihuang;Baishao;Qianghuo;Duzhong;Duhuo;Xuduan;Honghua;Mugua;Hugu;Sanqi;黑枣;Husuibu;Yinyanghuo;Wujiapi;Buguzhi;菟丝饼;海风藤;胡桃;伸筋草;Liujilu
P0167,虎杖;Chishao
P0168,Dahuang;Taoren;Sumu;Jianghuang;Mangxiao;Binlang;Qianniuzi;Sanleng;Xiangfu;Chishao;Badou;Honghua;Rougui;Wuyao;Muxiang
P0169,Hupo;京Sanleng;Qianniuzi;Danggui;Moyao;Dahuang
P0170,接骨虫;Naoyanghua;Huangqi;Danggui;枣仁;Jiegen;Gancao;Renshen
P0171,槐角;Qingjiu;Baishu;Xuduan;Shengdihuang;Badou;Fuzi
P0172,Huangqi;Chishao;Shudihuang;Ganjiang;Fuzi;Xuduan;Shengdihuang;Danggui;Mutong
P0173,Zhishi;Huangqi;Gancao;Hongzao
P0174,Huangqi;Chuangong;Gancao;Danggui;Shaoyao;Shengjiang
P0175,Wuchuan;Caowu;Fengxiang;Danggui;Chishao;Duhuo;Chuangong;Xixin;Baizhi;Shangui;Baijiang;黄姜;Wujiapi;Jiegen;Husuibu;Cangshu;Heshouwu;知母;Moyao;Liuxi
P0176,Heidou;Puhuang;Danggui;Shengdihuang;Chishao;Ganjiang;茄种
P0177,Wujiapi;Chuanliuxi;Danggui;Gancao;木耳;黄麻;Lujiao;Chuanshanjia;Zirantong;Husuibu
P0178,Tubiechong;Xiejie;Danggui;Zirantong;Ruxiang
P0179,Wuchuan;Caowu;Wulinzhi;Mubiezi;Husuibu;Qilinxian;Jinmaogouji;Zirantong;Dilong;Wuyao;Qingpi;Chenpi;Huixiang;Ruxiang;Hongliangzi;Moyao;Shexiang;Qianniuzi;Yuyuliang
P0180,Chuangong;Danggui;Qianghuo;Duhuo;Mugua;Bajiaohuixiang;Xiaohuixiang;Rougui;Gancao;Wuyao;Wuchuan;Hugu;Zirantong
P0181,Wulinzhi;Buguzhi;Chishao;Wuchuan;Caowu;Zhizi;Qianniuzi;Qianniuzi;Heshouwu;土朱
P0182,Tubiechong;Wujiapi;Liujilu;Taoren;Shanzha;Dahuang;Yanhusuo;Wushu;Mudanpi;Danggui;Liuxi;Honghua;Xiangfu;Sanleng;Jiangxiang;Linxiaohua;Sumu;Qingpi;Zhishi;Chishao;Qilinxian;Binlang;Chuangong;Ruxiang;Moyao
P0183,Qingsangtan;Danggui;Liuxi;Chuangong;Chishao;Shudihuang;Heidou;Heshouwu;Tiannanxin;Baizhi;Songjie;Duzhong;Buguzhi;Qianghuo;Duhuo;Cangshu;Fangfeng;Jingjie;Husuibu;Jiegen;Lijian;Xuduan;Caowu;Wuchuan;Rougui;Mubiezi;Bajiaohuixiang;Dilong;Bailian;Baiji;Xixin;Jiangxiang;Tanxiang;Songxiang;Fengxiang;Wulinzhi;Jinmo;Xiejie;Ruxiang;Moyao
P0184,Qingsangtan;Dalijian;Husuibu;Tiannanxin;Chishao;Baishao;Liuxi;Wuchuan;Xiongheidou;Zirantong;Mubiezi;Xixin;Moyao;Ruxiang;Baijiaoxiang;Xiejie
P0185,Jingjie;Fengxiang;Tanxiang;Jiangxiang;Caowu;Shangui;Danggui;Cangshu;Qianghuo;Baiji;乌豆;Dilong;滴青;Shexiang;Chuangong;Wulinzhi;Ruxiang;Moyao;Wuchuan;Husuibu;Chuanliuxi;Xixin;花桑木;Baizhi;Chishao;Qianniuzi;Tiannanxin;Zirantong;Dalijian;Mubiezi
P0186,Chuangong;Qingpi;Gancao;Baishao;滑石;Mudanpi;Taoren
P0187,蝙蝠;Danggui;Husuibu;Rougui;Buguzhi;Dahuang
P0188,Danggui;Honghua;Taoren;Gancao;Chaihu;Dahuang;Shengdihuang;Puhuang
P0189,Sumu;Wushu;Muxiang;Chenpi
P0190,Danggui;Chishao;Jianghuang;伸筋草;Songjie;Haitongpi;Luodeda打;路路通;Qianghuo;Fangfeng;Xuduan;Gancao
P0191,Heshouwu;Danggui;Chishao;Baizhi;Wuyao;Jiqiao;Fangfeng;Gancao;Chuangong;Chenpi;Xiangfu;Zisu;Qianghuo;Duhuo;Rougui
P0192,Danggui;Chuangong;Baishao;Shengdihuang;Taoren;Liuxi;Yanhusuo;Honghua;Rougui
P0193,Shengdihuang;Honghua;Danggui;槐花;Mutong;Digupi;Chenpi;Qingpi;Xiangfu;Wuyao;Baizhi;Gancao
P0194,Danggui;Yanhusuo;Shengdihuang;Danshen;Muxiang;Duhuo;Taoren;Moyao;Honghua;Liuxi;Sangzhi
P0195,Sanleng;Wushu;Huangbai;Huanglian;Qingpi;Chishao;Zisu;Xiangfu;Chaihu;Ruxiang;Honghua;Sumu;石菖蒲;千里马
P0196,Tubiechong;Xiejie;西Honghua;Ruxiang;Moyao;Liuxi;Baizhi;Ercha;Husuibu;Duzhong;Xuduan;赤木;Danggui;Shengdihuang;Chuangong;Zirantong;Taoren;Dahuang;Maqianzi;Zhusha;Binpian;蜜糖
P0197,Danggui;Qianghuo;Duhuo;Jingjie;Chuangong;Taoren;Mutong;Wuyao;Xuduan;Chenpi;Wujiapi;Honghua;Fangfeng;Sumu;Ruxiang;Moyao;Gancao
P0198,Tubiechong;Danggui;Ruxiang;Zirantong;Sanqi
P0199,Ruxiang;Moyao;Chishao;Baizhi;Chuangong;Danggui;Shengdihuang;Mudanpi;Gancao
P0200,Danggui;Sumu;Luodeda打;Chuangong;Honghua;Ruxiang;Moyao;Sanqi;Chishao;Chenpi;Tubiechong;紫荆藤
P0201,Danggui;Shengdihuang;Qingpi;天门冬;Qianghuo;Xuduan;Honghua;Sumu;Chenpi;Fangfeng;Zhishi;Gancao;Chuangong;Baishao;Wujiapi;Ruxiang;Moyao
P0202,Baizhi;Chuanshanjia;Xiaohuixiang;Gancao;Danggui;Chuangong;Duhuo;Qianghuo;Mugua;Rougui;淮乌;Caowu;Shexiang
P0203,Taoren;Sanleng;Wushu
P0204,Dahuang;Danggui;Taoren
P0205,Dahuang;Kuxinren
P0206,Danggui;Chishao;Dahuang;Jiangxiang;Sumu;Gancao
P0207,鸡苏;Shengdihuang;Sangbaipi;Shengjiang;Gegen;Xiaoji;竹茹
P0208,Danggui;Chuangong;Jiqiao;Chenpi;Xiangfu;Houpu;Muxiang;Sumu;Liujilu;Luodeda打;Sanqi;Ruxiang;Moyao;萹蓄
P0209,Danggui;Chishao;Xiangfu;Qianghuo;薄荷;Jiqiao;Chenpi;Zisu;Wulinzhi;人中黄;Yanhusuo;Chuangong;Wuyao;Baizhi;Fangfeng;Gancao
P0210,Danggui;Zirantong;Taoren;Honghua;陈麻皮;Tubiechong;Husuibu;Dahuang;Ruxiang;Moyao;老Yinggu;Xiejie;Zhusha;Xionghuang;Shexiang
P0211,Duzhong;Ruxiang;Moyao;Danggui;Chishao;Shengdihuang;Buguzhi;Tubiechong;Dilong;Xuduan;Yuanzhi;Husuibu
P0212,Dahuang;Houpu;Zhishi;Qianghuo;Fangfeng;Danggui;Shengdihuang;Mangxiao
P0213,Dahuang;Mangxiao;Zhishi;Houpu;Danggui;Rougui;Gancao
P0214,Guijia;Lujiao;Hugu;Heshouwu;Chuanliuxi;Duzhong;Suoyang;Danggui;Qilinxian;Huangbai;Renshen;Qianghuo;Ganjiang;Baishao;Baishu;Shudihuang;Fuzi
P0215,Danggui;Chuangong;Baishao;Shengdihuang;Cangshu;Houpu;Chenpi;Fulin;Banxia;Qianghuo;Duhuo;Jiegen;Jiqiao;Qianhu;Chaihu;Ganjiang;Rougui;Gancao
P0216,蒲公英;金Yinhua;Fulin;Yiniren;Liuxi;Danggui;Beimu;Chuanshanjia;Gancao;紫花地丁
P0217,Taoren;Honghua;Dahuang;Chuangong;Shanzha;Danggui;Baishao;Shengdihuang
P0218,Danggui;Shaoyao;Fulin;Baishu;Chaihu;Mudanpi;Zhizi;Gancao
P0219,Chuangong;Danggui;Baishao;Baihe;Jingjie
P0220,Chuangong;Danggui;Baishu;Baihe;Jingjie
P0221,Danggui;Baishao;知母;Huangbai;Qingjiu;Mugua;Rendong藤;钩藤;天门冬;Shengdihuang;Qilinxian;Heshouwu
P0222,Guijia;Lujiao;Hugu;Heshouwu;Chuanliuxi;Duzhong;Suoyang;Qilinxian;Danggui;Huangbai;Renshen;Qianghuo;Baishao;Baishu;Shudihuang;Fuzi
P0223,Shanzhima;Ruxiang;Moyao;Xiejie
P0224,Ruxiang;Moyao;Jiangxiang;Sumu;Wuchuan;Yousongjie;Zirantong;Dilong;Shuizhi;Xiejie;Longjiang;Tugou
P0225,Danggui;Chuangong;Baishao;Shengdihuang;Cangshu;Houpu;Chenpi;Fulin;Qianghuo;Duhuo;Jiegen;Jiqiao;Qianhu;Chaihu;Ganjiang;Rougui;Gancao
P0226,Ajiao;Aiye;Shaoyao;Shengdihuang;Danggui;Ganjiang;Chuangong;Gancao
P0227,Gutongqian;Zirantong;Danggui;Wuchuan;Ruxiang;Moyao;Xiejie
P0228,鳖甲;Tubiechong;Shengjiang;Zirantong;Xiejie;Ercha;Ruxiang;Moyao;Shengdihuang
P0229,Moyao;Mubiezi;Zirantong;Husuibu;Shuizhi;Ruxiang;Wumingyi;天Qiezi;Songjie;Dilong;Buguzhi;Xixin;Danggui;Wuchuan;Zhusha;Shexiang;蒴藋根
P0230,Dukelizi;Sangbaipi;Xiongheidou;Danggui;Buguzhi;Moyao;Ruxiang;Shuizhi
P0231,Sumu;定粉;Mangxiao
P0232,白秋霜
P0233,年久碎瓦片
P0234,Danggui;Gancao;Moyao;Rougui;Ruxiang;Zelan;Zirantong
P0235,Yeheshu;白芥子
P0236,Jiangxiang;Sumu;Zirantong;Moyao;Ruxiang;Wuchuan;Caowu;Longjiang;Hugu;Quanxie;Xiejie;Husuibu;Shuizhi;Dilong
P0237,Gutongqian;Ruxiang;Tianguazi
P0238,Tubiechong;Ruxiang;Moyao;Longjiang;Zirantong;Shexiang
P0239,Duhuo;Chuanliuxi;Xuduan;Duzhong;Pixie;Fangfeng;Gancao;Ruxiang;Moyao
P0240,Wujuzi
P0241,Xiejie;Banxia;Ruxiang;Moyao;Danggui;Tubiechong;Badou
P0242,茉莉根
P0243,Moyao;Ruxiang;Shexiang
P0244,Zirantong;Ruxiang;Moyao;Xiejie;Dilong;Tianguazi;Husuibu;合欢藤;Xuduan;Sumu;川归
P0245,黄麻;Xieyutan;Ruxiang
P0246,Moyao;Ruxiang;Zirantong;滑石;Longjiang;赤Shizhi;Shexiang
P0247,Wugong;Zirantong;Ruxiang;Gutongqian;Shuizhi;Moyao
P0248,Gutongqian;Husuibu;Ruxiang;Moyao;Tubiechong;Zirantong;Xiejie
P0249,Jiegumu;Ruxiang;Chishao;Danggui;Chuangong;Zirantong
P0250,Gutongqian;Tianguazi;Zhenzhu;狗胎骨
P0251,急性子;Tianlingai
P0252,Muxiang;Chenxiang;Ruxiang;Moyao;Jiucaizi;Xiejie;王瓜子;Tianguazi;雀爪;Renshen
P0253,Dilong;Longjiang;Shexiang;Zirantong;Wuchuan;滑石;Tubiechong;赤Shizhi;Ruxiang;Moyao;Lujiao
P0254,Tubiechong;Husuibu;Zirantong;Badou;Ruxiang;Xiejie;Moyao;Danggui;Mangxiao;Dilong
P0255,Tubiechong;Ruxiang;Moyao;Zirantong;Dahuang;Husuibu;Xiejie;Danggui
P0256,Renshen;Huangqi;Gancao;Danggui;Shaoyao;Shengdihuang;Ajiao;紫菀
P0257,金刚莲;香加皮;Maqianzi;Sanqi;西Honghua;橘红;Jiegumu
P0258,金刚莲;Gancao;Danggui;Wujiapi;Chuangong;Zicao;Sanleng;Wushu;Sumu;Jiqiao;Qingpi;见血清;红毛藤根;Shengdihuang;大血藤;白Jiu
P0259,金刚莲;香加皮;Maqianzi;Sanqi;见血清;血水草
P0260,Mubiezi;Chuanshanjia
P0261,Maqianzi;Jiqiao
P0262,黑虎膏;Songxiang
P0263,Danggui;Husuibu;Chuangong;Gancao;Zelan;Fuzi;Ruxiang;Moyao;Shengdihuang;Huajiao;Xiejie;Renshen;Zirantong;Huangqi;Shexiang
P0264,Yanhusuo;Taoren;Duzhong;Honghua;Liuxi;Buguzhi;Cangshu;Danggui;Qianghuo;Rougui;Xiaohuixiang
P0265,Zirantong;Tubiechong;Shuizhi;Dilong;Longjiang;Jiangxiang;Sumu;Tugou;Wuchuan;Songjie;Ruxiang;Moyao;Xiejie;Muxiang;Baishao;Shexiang
P0266,Jingjie;竹茹;Danggui;Shengdihuang
P0267,Maqianzi;Mahuang;Ruxiang;Moyao
P0268,Ruxiang;Moyao;Maqianzi;Mahuang;Tubiechong;Zirantong
P0269,Niuhuang;Binpian;Shexiang;月石;Zhusha;Xionghuang;Mangxiao;荜茇;金页
P0270,粪池内陈年砖头
P0271,Sanqi;Liujilu;Husuibu;Baiji;Bailian;Ruxiang;Moyao;Xiejie;Ercha
P0272,Danggui;Shudihuang;Baishu;Baishao;Shengdihuang;Duzhong;Gancao;Mudanpi
P0273,Honghua;Puhuang;Wulinzhi;Xiangfu;Husuibu;Zirantong;Sanqi;Chishao;Taoren;Zelan;Ruxiang;Moyao;Xiejie;Hugu;Maqianzi
P0274,寒食面;千口土;土马鬃;Wujuzi;Jingjie;纥勒蔓心;Xionghuang;Ruxiang
P0275,Zirantong;Zhusha;孩儿牙齿;鸡子
P0276,Danggui;Baishao;Shengdihuang;Baishu;Gancao;Renshen;Sumu;Ruxiang;Moyao
P0277,Danggui;Baishao;Baishu;Renshen;Shengdihuang;Gancao;Sumu;Ruxiang;Moyao
P0278,鹭;Honghua;Renshen
P0279,Jiegen;Honghua;Sumu;Mangxiao;猪苓;Zexie;Dahuang;Danggui;Taoren
P0280,Danggui;Chuangong;Baishao;Shengdihuang;Chenpi;Baishu;Honghua;Taoren
P0281,橘子
P0282,Danggui;Dahuang;Jiucaizi;Puhuang;Puhuang;Qiancao;Taoren;Honghua;Chenpi;Houpu;Jiqiao;Gancao
P0283,Danggui;Tubiechong;Chuangong;Xiejie;Moyao;Mahuang;Zirantong;Ruxiang
P0284,Rougui;Honghua;Danggui;Chishao;Mudanpi;Shengdihuang;Wuyao;Husuo;Taoren;Liuxi;Duzhong;Chuangong;毛姜;Xuduan;Wujiapi;Fangfeng;Qianghuo;Huafen;Gancao;Jianghuang
P0285,大血藤;小血藤;Chuanliuxi;Liuxi;舒筋草;刺五加;白花草;白龙须;Mutong;接骨丹根;随手香;老鹳草;Husuibu;红毛七;Songjie;见血飞;金腰带;红Zelan;猪毛七;伸筋草;破骨风;黄龙须;八爪龙;Hujiao;红酸浆草;筋骨草;Wuguji;石兰藤;还魂草
P0286,Sanleng;Wushu;Chishao;Huangbai;Bajiaohuixiang;Yanhusuo;Binlang;Zisu;Chenpi;Qingpi;Qianghuo;大腹皮;Jingjie;Jiegen;Banxia;Huanglian;Mangxiao;Dahuang;Fangfeng;Chaihu;千里马;姜;Congbai
P0287,Sanqi;Dahuang;阿魏;孩Ercha;天竺黄;Xiejie;Ruxiang;Moyao;Xionghuang;Shanyangxie;Binpian;Shexiang;Niuhuang;Tenghuang
P0288,Qingjiu;Xuduan;Duzhong;Xiangfu;Danggui;Husuibu;Chenpi;Gancao;Wujiapi;Jinmaogouji;Chaihu;Gegen
P0289,Danggui;通草;Taoren;Chuanshanjia;Liuxi;Dahuang;中Qingpi;Husuibu;Ruxiang;Moyao;Baizhi;Zisuzi;Honghua;Duzhong;Jiangxiang;Gancao;Xiejie;Sanqi;Tubiechong;石南枝头
P0290,Ganjiang;Gegen;Shengma;Cangshu;Jiegen;Dahuang;Jiqiao;Shaoyao;Chenpi;Gancao;Banxia;Baizhi;Fulin;Danggui;Shengjiang
P0291,Chixiaodou;Huangqi;Fuzi;Bailian;Shengdihuang;Shaoyao;Huangqin
P0292,Danggui;Baizhi;Liulu
P0293,Qilinxian;海风藤;Shengdihuang;石菖蒲;Shengma;Xixin;吉根;Qianghuo;Fangfeng;Binlang;全皮;草节;Ruxiang;Moyao;Chishao;Shengdihuang
P0294,Liujilu;Husuibu;Yanhusuo
P0295,Danggui;Wuchuan;Shuizhi;Fuzi;Moyao;Caowu
P0296,Danggui;Shudihuang;Baishao;Chuangong;Ruxiang;Moyao
P0297,Caowu;Cangshu;Chuanshanjia;Buguzhi;Baizhi;Congbai;Ganjiang
P0298,Muxiang;Shengdihuang;Shaoyao;Honghua;Danggui;Gancao;Baizhi;Mubiezi;橘红;Mutong;Jiegen;Baishu
P0299,大麻
P0300,Danggui;Jiegen;Liuxi;Husuibu;Wuchuan;Chuangong;Baicaoshuang;Caowu;Mubiezi;Chishao;乌豆;Jinmaogouji
P0301,曼陀罗花;Caowu;Baizhi;Danggui;Chuangong
P0302,Mubiezi;Shanzhima;Ruxiang;箬叶;Chuanshanjia
P0303,Tubiechong;Banxia;Badou;Zhusha;Ruxiang;Moyao
P0304,Gutongqian;Zhusha;Zirantong;Ruxiang;Moyao
P0305,Zirantong;Wuchuan;Husuibu;Baishao;Moyao;Ruxiang;Danggui;Shengdihuang;Chuangong
P0306,Baishu;Danggui;Gancao;Baizhi;Moyao;Rougui;Ruxiang
P0307,Moyao;Danggui;Xiejie;Puhuang;Mudanpi;Husuibu;橘仁
P0308,Moyao;Ruxiang;Yanhusuo;Danggui;Tianguazi;Zhusha
P0309,Moyao;Zexie;Danggui;Rougui;Binlang;Gancao;Baizhi;Huajiao;Fuzi;Chuangong
P0310,Moyao;Xiejie;Qiandan;Baifan
P0311,Moyao;Hugu;Danggui;Yanhusuo;Buguzhi;Baizhi;Shengdihuang;Dahuang;Puhuang;Dukelizi
P0312,Moyao;Danggui;Dilong;Rougui;Zirantong;Wuchuan;Ganjiang
P0313,Fangfeng;Danggui;Wuchuan;Pixie;Zirantong;Husuibu;Ruxiang;Moyao
P0314,Moyao;Ruxiang;Chuangong;Huajiao;Shaoyao;Danggui;Zirantong
P0315,Moyao;Ruxiang;Chuangong;Huajiao;Shaoyao;Danggui;Taoren;Xiejie;Zirantong
P0316,Moyao;Zelan;Baizhi;Husuibu;Caowu;Buguzhi;Guijia;Hugu;Xuduan;白头翁;Wujinshi;Zirantong
P0317,Danggui;Moyao;Zirantong
P0318,Mudanpi;牛虻虫
P0319,虻虫;Mudanpi;Shengdihuang
P0320,久碎瓦片
P0321,Jiangxiang;Ruxiang;Moyao;Sumu;Songjie;Zirantong;Wuchuan;Xiejie;Dilong;Longjiang;Tugou
P0322,Ruxiang;Moyao;Mangxiao;天竺黄;Tubiechong;Liuxi;Wumingyi;Husuibu;Zirantong;Xiejie
P0323,鳘鱼;Danggui;Chuangong;Dahuang
P0324,Mudanpi;Danggui;Husuibu;Honghua;Xuduan;Ruxiang;Moyao;Taoren;Chuangong;Chishao;Shengdihuang
P0325,Muli;Qiandan;Danggui;Mangxiao;Ruxiang
P0326,Muli;车前子;Shengdihuang;Huangqin;Shudihuang;Longjiang
P0327,Muxiang;Xiangfu;Cangshu;Houpu;Chenpi;Gancao;Jiqiao
P0328,Muzei;Mahuang;Gancao
P0329,Chuangong;Shudihuang;蛇衔草;Danggui;Roucongrong;Baishao;Ganjiang;Xuduan;Shengdihuang;Fuzi;Xixin
P0330,Tubiechong;Husuibu;Ruxiang;Moyao;Danggui;Dahuang;Zirantong;Xiejie;Mangxiao;Zhusha
P0331,Shexiang;Shuizhi
P0332,绿豆粉;Ruxiang
P0333,Niuhuang;Hupo;Zhenzhu;Muli;Longnao;Zhusha;Shexiang;Jinbo;Yinbo;Shengdihuang;Danggui;Puhuang
P0334,Liuxi;Huangqi;Xuduan;Danggui;Ruxiang;Moyao;Hupo
P0335,Ruxiang;Moyao;Chenxiang;Muxiang;Renshen;Baidoukou;Chishao;Fangfeng;Hugu;Danggui;Quanxie;Tianguazi;Zirantong;Baizhi;Liangtoujian;Wulinzhi;Caowu
P0336,Qianghuo;Fangfeng;中桂;Sumu;Lianqiao;Danggui;Chaihu;Shuizhi;Shexiang
P0337,Chaihu;Huangqin;Wulinzhi;Zhishi;Danggui;Chishao;Chuangong;Shengdihuang;Dahuang;Mangxiao;Taoren;Honghua;Sumu
P0338,Puhuang;Danggui;Rougui;Renshen;Binlang
P0339,Puhuang
P0340,Puhuang;Danggui;Shengdihuang;Xuduan;Baizhi;Gancao;Oujie;Shengdihuang
P0341,Puhuang;Danggui;Rougui;Xuduan;Baizhi;Gancao;Shengdihuang
P0342,Tubiechong;Xiejie;Mangxiao;Wushu;Wujiapi;Tusizi;Muxiang;Wulinzhi;Chenpi;Dahuang;Tugou;Zhusha;Hougu;Badou;Sanleng;Qingpi;Rougui;Chishao;Wuyao;Jiqiao;Danggui;Puhuang;Shexiang
P0343,Zhusha;Shexiang;Binpian;Ruxiang;Honghua;Moyao;Xiejie;粉条Ercha
P0344,Sanqi;Dousha;Binpian;Ruxiang;Moyao;Ercha;Honghua;猴结
P0345,Danggui;Ercha;Zhusha;Ruxiang;Moyao;Honghua;Xionghuang;Binpian;Shexiang;Xiejie
P0346,Dilong;Wulinzhi;Jingjie;Wuchuan;Tiannanxin;Caowu
P0347,Baishu;Danggui;Ruxiang;Moyao;Gancao;Baizhi;Qianghuo;Renshen
P0348,Xiejie;Moyao;Zirantong;Chishao;Danggui;Baizhi;Puhuang;Dahuang;Rougui;Xixin;Husuibu;Ganheye
P0349,Danggui;参Sanqi;Ruxiang;Moyao;杜Honghua;黄麻;Xiejie;Tubiechong;Zhusha;Xionghuang;Dahuang;Binpian;Zirantong
P0350,Xiejie;Moyao;Danggui;Baizhi;Chishao;Shengdihuang
P0351,Qianghuo;Duhuo;Chuangong;Danggui;Chishao;Fangfeng;Jingjie;Mudanpi;Xuduan;Honghua;Taoren;Chenpi
P0352,Qianghuo;Taoren;Honghua;Liuxi;Yanhusuo;Dahuang
P0353,Qianghuo;Zhuli
P0354,Shuizhi;Shexiang;Gutongqian;Zirantong
P0355,Qiezi
P0356,Maqianzi;Chuanshanjia;Baijiangcan
P0357,Zibeifuping;Caowu;Yuzhu;海风藤;Mahuang;Shexiang
P0358,Mudanpi;Danggui;Chuangong;Chishao;Shengdihuang;Huangqin;Huanglian;Lianqiao;Zhizi;Taoren;Gancao
P0359,Naoyanghua
P0360,Husuibu;Wuchuan;Chuangong;Caowu;Danggui;Liuxi;Mubiezi;Heshouwu;Wujinshi
P0361,Tiannanxin;Jiangcan;Fangfeng;Baizhi
P0362,Xuduan;Danggui;Qianghuo;Duhuo;Wujiapi;Chuangong;Liuxi;Rougui;Caowu;Xixin;Wuyao;Honghua;Wuchuan;Gancao
P0363,Honghua;Tubiechong;Ruxiang;Taoren;Chenxiang;Jianghuang;Qizha;Zirantong;Shengdihuang;Rougui;Wushu;Husuibu;Zuixiantao;Sanqi;Qiancao;Danggui;Wuyao;Sanleng;Xiejie;Muxiang;Balengma;Jiqiao;Wuchuan;Caowu
P0364,Renshen;Dingxiang;Wujiapi;Gancao;Fulin;Danggui;Xiejie;Husuibu;Wuweizi;Moyao
P0365,Renzhongbai
P0366,Yanhusuo;Danggui;Shengdihuang;Duzhong
P0367,Gancao;Zaojiao
P0368,Cangshu;Wuchuan;Caowu;Liangtoujian;Baishu;Chuangong;Baizhi;Fangfeng;Xixin;Xiewei;Xionghuang
P0369,Cangshu;Baizhi;Xixin;Chuangong;Liangtoujian;Wuchuan;Tianma;Quanxie;Baishu;Fangfeng
P0370,Baishu;Danggui;Gancao;Baizhi;Moyao;Ruxiang;Rougui
P0371,Ruxiang;Moyao;Guijia;Zijinpi;Danggui;Hugu;Husuibu;Chuanshanjia
P0372,Ruxiang;Moyao;Chuangong;Baizhi;Shaoyao;Gancao;Mudanpi;Shengdihuang
P0373,Ruxiang;Danggui;Baishu;Baizhi;Moyao;Gancao;Qianghuo;Renshen
P0374,Ruxiang;Moyao;Huangqi;Like;Renshen;Gancao;Chuangong;Danggui;Baishao;Chenpi;Shudihuang
P0375,Huangqi;Danggui;Chuangong;Chenpi;Mahuang;Gancao;Shaoyao;Renshen;Mike;Ruxiang;Moyao
P0376,Ruxiang;Moyao;Danggui;Suosharen;Jiqiao;Gancao
P0377,Zirantong;Ruxiang;Moyao;Huixiang;Danggui
P0378,Rougui;Ganjiang;Liuxi;Qianghuo;Baizhi;Chuangong;Xixin;Jianghuang;Husuibu;Danggui;Shaoyao;Caowu;Wuchuan;Cangshu;Jiegen;Chixiaodou;Ruxiang;Moyao;Heshouwu;Mubiezi
P0379,Hugu;Guijia;Zhixiang;Liuxi;;Xuduan;Ruxiang
P0380,Ruxiang;Baizhi;Rougui;Moyao;Anxixiang;Dilong;Buguzhi;Danggui
P0381,Hugu;Guijia;Xiejie;Chishao;Ruxiang;Moyao;Danggui;Fangfeng;Baifu;Canger;Zirantong;Husuibu;Rougui;Ganjiang;Liuxi;Tianma;Binlang;Wujiapi;Qianghuo
P0382,Ruxiang;Moyao;Sangbaipi;Xiongheidou;Dukelizi;Buguzhi;Danggui;Shuizhi
P0383,Luomi;Wuchuan;Wulinzhi;Ruxiang;Baizhi;Huoxiang;Tiannanxin;Moyao;Jingjie;Chixiaodou;Husuibu;Baifuzi;Songxiang;Xiangmo;Caowu
P0384,Ruxiang;Rougui;Anxixiang;Moyao;Dilong;Buguzhi;Danggui;Baizhi;Wulinzhi
P0385,Cangshu;Wutou;Ruxiang;Tianxianzi;Zirantong;Qianniuzi;Rougui
P0386,Husuibu;Huluba;Buguzhi;Wuchuan;Roucongrong;Liuxi;Jinmaogouji;Muli;Tianguazi;Qianniuzi;Chishao;Zirantong;Chuanjianzi;Xiaohuixiang;Mudanpi;Wulinzhi;Baishao;Cangshu;Rougui;Ximo;Mubiezi;Moyao;Ruxiang
P0387,Ruxiang;Wuchuan;Moyao;Wulinzhi;Baijiaoxiang;Dilong;Baijiang;Banxia;Wujiapi;Chixiaodou
P0388,Longjiang;Wugong;Chixiaodou;Hugu;Jiangcan;Caowu;Baijiaoxiang;Tianma;Chuanliuxi;Danggui;Quanxie;Ruxiang;Mubiezi
P0389,Lianqiao;Tubiechong
P0390,Tianzhuhuang;Xionghuang;Liujilu;Hongdaji;Xiejie;Danggui;Zhusha;Ercha;Ruxiang;Hupo;Qinfen;Shuiyin;Shexiang
P0391,Tenghuang;Tianzhuhuang;Daji;Danggui;Niuhuang;Liujilu;Shexiang;Hupo;Xionghuang;Xiejie;Ercha;Ruxiang;Binpian;Shuiyin
P0392,Danggui;Chuangong;Chishao;Shengdihuang;Baishao;Liuxi;Xuduan;Baizhi;Duzhong;Husuibu;Wujiapi;Qianghuo;Duhuo;Tiannanxin;Fangfeng;Rougui;Ruxiang;Moyao;Muxiang;Dingpi;Bajiaohuixiang
P0393,Gegen;Banxia;Chuangong;Fangfeng;Qianghuo;Shengma;Jiegen;Baizhi;Gancao;Xixin;Zisu;Xiangfu;Honghua
P0394,Danggui;Chishao;Ruxiang;Moyao;元寸;Xuduan;Mugua;Xiejie;Sanqi;西Honghua
P0395,Shuizhi;Danggui;Mudanpi;Honghua;Gancao;Shengdihuang
P0396,Sanqi;Danggui;Baishao;Dahuang;Mudanpi;Jiqiao;Taoren;Shengdihuang;Daji;Xiaoji;Honghua
P0397,Jiqiao;Jiegen;Fangfeng;Wuyao;Danggui;Kuxinren;Banxia;Mutong;Gancao;Honghua
P0398,Qiandan;Baijiaoxiang;Moyao;Ruxiang;Danggui;Baizhi;Kuxinren;Dahuang;Caowu;Wuchuan;Chishao;Binlang;Shengdihuang;Chuangong;Liqin;Luanfa
P0399,Dameipian;Shexiang;Ruxiang;Moyao;结子Honghua;Xiejie;Zhusha;Xionghuang;Ercha;Danggui
P0400,Moyao;Muxiang;Dingxiang;Jiqiao;Yanhusuo;Qingpi;Xiejie;Xieyutan;Ercha;Danggui
P0401,Maqianzi;Jiqiao
P0402,Ruxiang;Moyao;Yanhusuo;Xixin;Xiangfu;Shannai;Baizhi
P0403,Liuxi;Sanqi;Danggui;Luodeda打;Duzhong;Husuibu;Xiejie;Shanyangxie;Zirantong;Ercha;Tianguazi;Houpu;Ruxiang;Mugua;Rougui;Xuduan;Honghua;Zhusha;原寸香
P0404,Danggui;Sanqi;Wulinzhi;Dangshen;Zhusha;Ruxiang;Caowu;Jiangcan;Dilong;Chuanshanjia;Baijiaoxiang
P0405,Chishao;Danggui;Xuduan;Baizhi;Shengdihuang;Huangqin;Gancao;Liuxi;Puhuang
P0406,Danggui;Caowu;Moyao;Ruxiang;Xiejie;Zirantong
P0407,Shexiang;Shuizhi
P0408,Ruxiang;Moyao;Danggui;Caowu;Yanmu;Qilinxian;Wulinzhi
P0409,Ruxiang;Moyao;Xieyutan;Dahuang;Rougui;Danggui;Xuanshen;Xuduan;Wushu;Shengdihuang;Chishao;Baizhi;Shegan;Badou;Minfan;Huangqin;Liuzhi;Xiangyou;Qiandan;Shexiang
P0410,Qilinxian
P0411,Gualou;Chishao;Gancao;Huangqi;Kuxinren;Baizhi;Danggui;Taoren;Renshen;Chuangong;Cangshu;Sangbaipi;Chenxiang;Linlinxiang;Huoxiang
P0412,Shenqu
P0413,Shuizhi;Tusizi;Fahui;Haomianhui;Moyao;Ruxiang;Xiejie;Shexiang
P0414,Honghua;Moyao;Danggui;Ercha;Xionghuang;Baizhi;Rougui;Ruxiang;Zhusha;Dahuang;Xiejie;Binpian;Shexiang
P0415,Niuhuang;Binpian;Shexiang;Baizhi;Chuanshanjia;Hafen;Ruxiang;Hujiao;Zirantong;Dahuang;Moyao;Danggui;Taoren;Sumu;Wulinzhi;Honghua;Chishao;Muxiang;Wujiapi;Xiejie;Qingpi;Wumingyi;甜瓜皮;Daji;千金子;Tubiechong;土豆根;Shancigu;Zhusha
P0416,Tusizi;Buguzhi;Jinlinzi;Xuduan;Huluba;Yuanzhi;Wuweizi;Lurong;角版;Gansong;Duzhong;Shannai;Yizhiren;Baiziren;Fangfeng;Kuxinren;Mutong;滑石;Sanleng;Wushu;Jiucaizi;Digupi;Wujiapi;Heshouwu;Mudanpi;青藤;石楠藤;Zijinpi;Muzei;Haitongpi;红豆蔻;Jili;Ruxiang;Moyao;Longjiang;Hugu;Xiejie;Zhusha;Shexiang;Zirantong;Huangqi;Renshen;Baishu;Like;Chuangong;Chishao;Baishao;红内消;Shudihuang;Fulin;Fulin;Cangshu;Chenpi;Wuyao;Xiangfu;Danggui;Jiqiao;Zhishi;Baizhi;Houpu;Mahuang;Wuzhuyu;Bajiaohuixiang;Xiaohuixiang;Jingjie;Qianghuo;Duhuo;Liuxi;Mugua;Banxia;Tiannanxin;Jiangcan;Quanxie;Tianma;Xixin;Huoxiang;Ganjiang;Liangjiang;Wuchuan;Baji天;青盐;Rougui;Fuzi;Lianqiao;Jiegen;Qingpi;Tianxiong;草果;Dingxiang;Sharen;Roucongrong;肉豆蔻;Baidoukou;Muxiang;Gancao
P0417,Niuhuang;Binpian;Shexiang;阿魏;明腰黄;Dahuang;粉条Ercha;天竺黄;Sanqi;Xiejie;Ruxiang;Moyao;Shanyangxie;Tenghuang
P0418,Maqianzi;Mahuang;Ruxiang;Moyao
P0419,Rougui;Honghua;Wuchuan;Caowu
P0420,Luomi;Feiluomian;Mabo
P0421,Shanyangxie;Jinhuashi;Hupo;Renshen;Gutongqian;Tugu;Moyao;Shexiang
P0422,Mudanpi;Pixie;Baishu;Rougui
P0423,Jiucai;Tongbian
P0424,Shengdihuang;Chuangong;Chishao;Oujie;Danggui;芸苔子;Mangxiao;Jingjie;马齿苋
P0425,Shengdihuang;Huangqin;Ajiao;Cebai;Gancao
P0426,Hugu;Jinmaogouji;Wujiapi;Yinyanghuo;Liuxi;Baiqiegen;Yousongjie;Duhuo
P0427,Dingxiang;Tanxiang;Muxiang;Gancao;Suosharen;Baidoukou;Chenxiang;Huoxiang
P0428,Danggui;Shengdihuang;Shudihuang;Baishu;Jiqiao;Jingjie;Baishao;Fangfeng;Chenpi;Duzhong;Mudanpi;Chuangong;Ganjiang;Liuxi;Duhuo;Qiepi;Xuduan;Huangqi;Aiye;Xiangfu;Qianghuo;Honghua;Gancao;Fulin
P0429,Ruxiang;Wumei;Baiwojuzi;白米
P0430,TInglizi;Fangji;Muxiang;Fulin;Mutong;Renshen
P0431,Wubeizi;Shancigu;Chuanmo;Xusuizi;Wulinzhi;Banlangen;Hongdaji
P0432,Qiezi
P0433,Xiejie;Ruxiang;Moyao;Dilong;Zirantong;Wumingyi;Mubiezi
P0434,Binpian;Shexiang;Zhusha;Ruxiang;Honghua;Xiejie;Xionghuang;Ercha;Danggui;Moyao
P0435,Tenghuang;Sangshutan
P0436,Shexiang;Chuanshanjia;Muxiang;Xiejie;Xionghuang;Shanzhima;Mubiezi;Zirantong;Jiangcan;Wugong
P0437,Caowu;Tiannanxin;Wuchuan;Wulinzhi;Mubiezi;Yangzhizhuo;Manjinzi;Dilong;Baijiaoxiang;Moyao;Ruxiang;Mahuang;Diyu;Tianma;Jinmo
P0438,Shinanteng;Ruxiang;Moyao;Wuchuan;Wulinzhi;Zirantong;Mugua
P0439,Ruxiang;Moyao;Xiangfu;Danggui;Xiejie;Zirantong;Honghua;Yanhusuo;Husuibu
P0440,Danggui;Moyao;Chuangong;Gancao;Honghua;Xiejie;Ruxiang;Chishao;Dahuang
P0441,Qianghuo;Fangfeng;Jingjie;Duhuo;Danggui;Xuduan;Qingpi;Liuxi;Wujiapi;Duzhong;Honghua;Jiqiao
P0442,Yanhusuo;Duzhong;Rougui;Qianghuo;Shaoyao
P0443,Ruxiang;Moyao;Beimu;Liuxi;Xiejie;Duhuo;Qianghuo;Duzhong;Mugua;Shengdihuang;Gancao;Honghua;Mahuang;Maqianzi;Fangfeng
P0444,Danggui;Chuangong;Baishao;Shudihuang;Qianghuo;Duhuo;Jiegen;Jiqiao;Chaihu;Fulin;Baizhi;Gancao;Zisu;Chenpi;Xiangfu
P0445,Danggui;Shengdihuang;Chuangong;Chishao;Jingjie;Fangfeng;Gancao;Honghua;Zisuzi
P0446,Shudihuang;Xuduan;Duzhong;Danggui;Fuzi;Qingjiu
P0447,Ganheye
P0448,Dahuang;Shengdihuang;Shudihuang;Chuangong
P0449,Zisugeng;Houpu;Jiqiao;Sharen;Danggui;Honghua;Muxiang;Chishao;Taoren;Sumu;Xiangfu
P0450,Muxiang;Gancao;Chenxiang;Jiegen;Xiejie;Jiqiao;Binlang;Zisuzi;Laifuzi
P0451,Danggui;Chuangong;Shaoyao;Puhuang;Zexie;Jiqiao;Renshen;Dahuang;Chenxiang;Fulin;Gancao;Jiegumu
P0452,Shanbohe;Baotacao;Aijintunye;Zhoumiantengye
P0453,Husuibu;Shengjiang;Ruxiang;Danggui
P0454,Danggui;Chuangong;Baishao;Shengdihuang;Ruxiang;Moyao
P0455,Ruxiang;Moyao;Sumu;Jiangxiang;Songjie;Wuchuan;Zirantong;Dilong;Shuizhi;Xiejie;Longjiang;Tugou
P0456,Danggui;Huangqin;Qianghuo;Duhuo;Tianma;Mahuang;Zaojiao;Zhangmuzi;Wushu;Chuangong;Baizhi;Heshouwu
P0457,Sumu
P0458,Tubiechong;Zirantong;Ruxiang;Moyao;Zhusha;Jiejiebashuang;Shexiang
P0459,Shihui;Qingmayou;Dahuang
P0460,Taoren;Dahuang;Mangxiao;Gancao;Shengdihuang;Mudanpi;Zhishi
P0461,Taoren;Dahuang;Shengdihuang;Mangxiao;Gancao;Danggui;Sumu;Honghua
P0462,Taoren;Mangxiao;Gancao;Dahuang
P0463,Taoren;Danggui;Qianniuzi;Hupo;Nifen
P0464,Taoren
P0465,Tubiechong;Ruxiang;Moyao;Xiejie;Mangxiao;Husuibu;Danggui
P0466,Tianlingai
P0467,Tianma;Muxiang;Renshen;Fulin;Qianghuo;Baizhi;Tianliaomu;Chuangong;Danggui;Mahuang;Wushaoshe;Baifuzi;Longnao;Lujiao;Ganjuhua;Shengdihuang;Xixin;Niuhuang;Shexiang
P0468,Chuangong;Danggui;Shaoyao;Huangqi;Qingpi;Wuyao;Chenpi;Shudihuang;Ruxiang;Huixiang
P0469,Muxiang;Wuyao;Houpu;Baizhi;Qingpi;Kuxinren;Cangshu;Chenpi;Qianhu;Jiegen;Gancao
P0470,Danggui;Taoren;Dahuang;Liuxi;Chuangong;Chishao;Honghua;Shengdihuang;Qianghuo;Shengdihuang
P0471,Danggui;Shengdihuang;Rougui;Wuyao;Honghua;Chenpi;Baishao
P0472,Chenpi;Banxia;Fulin;Gancao;Jiqiao;大腹皮;Honghua;Chuangong;Danggui;Baishao;Fangfeng;Binlang;Huangqi;Jiegen;Qingpi;Wuyao;Sumu;Zhishi;Huangqin;Zisu;Muxiang
P0473,Dahuang;Shengdihuang;Taoren;Jiqiao;Chishao;Danggui;Chenpi;Mutong;Mangxiao;Gancao
P0474,Dahuang;Mangxiao;Jiqiao;Houpu;Danggui;Chenpi;Mutong;Honghua;Sumu;Gancao
P0475,Huanglian;Cangshu;Huangbai;Rougui;Chuangong;Danggui;Baishao;Fangji;Baizhi;Taoren;Qilinxian;Qianghuo;Longdancao;Honghua;Fangfeng;Guijia;Duzhong
P0476,Chenpi;Danggui;Gansui
P0477,Muxiang;Danggui;Jinmaogouji;Fangfeng;Baiji;Bailian;Baizhi;Baishu;Ruxiang;Songxiang;Fengxiang;Kuxinren
P0478,Mahuang;Muzei;Chenpi;Gancao
P0479,Dahuang;Danggui
P0480,Danggui;Jiqiao;Mutong;Zelan;Dahuang;Taoren;Sumu;Honghua
P0481,Danggui;Dahuang;Honghua;Sumu
P0482,Jiqiao;Dahuang;Mangxiao;Chenpi;Houpu;Danggui;Mutong;Honghua;Sumu;Gancao
P0483,Naoyanghua;Ruxiang;Moyao;Xiejie
P0484,Wujiapi;Zirantong;Qingpi;Zijinpi;Duzhong;Honghua;Chuanshanjia;Jili;Danggui;Ruxiang;Moyao;Tubiechong
P0485,Ruxiang;Moyao;Wuchuan;Buguzhi;Cansha;Chuangong;Jingjie;Haitongpi;Zirantong;Caowu;Chixiaodou
P0486,Tusizi;Xuduan;Duzhong;Gansong;Kuxinren;Mutong;Wujiapi;Mudanpi;Hugu;Moyao;Danggui;Chuangong;Chenpi;Houpu;Jiqiao;Baizhi;Jingjie;Qianghuo;Banxia;Tiannanxin;Tianma;Ganjiang;Huoxiang;Jiegen;Lianqiao;Baji天;Huluba;Qingpi;Yizhiren;Bajiaohuixiang;滑石;Caowu;清风藤;Baidoukou;Mike;Yuanzhi;Baishao;Baiziren;Wuyao;Wushu;Mahuang;Shinanteng;Duhuo;Huangqi;Jiangcan;Guijia;Chishao;Fangfeng;Xiangfu;Digupi;Wuzhuyu;Haitongpi;Liuxi;Cangshu;Quanxie;Shudihuang;Roucongrong;Zhishi;Sharen;Mugua;红豆蔻;Rougui;Fulin;Chuanjianzi;Wuchuan;Jiucaizi;Dingxiang;Wuweizi;Buguzhi;Muzei;Shannai;Xixin;Xiaohuixiang;青盐;Baifuzi;Muxiang;肉果;Lurong;Ruxiang;Liangjiang;草果;Gancao;Sanleng;Longjiang;Zirantong;Xiejie;Baishu;Renshen
P0487,Huanggualou;Rendongcao;Ruxiang;Sumu;Moyao;Gancao
P0488,Tianxiong;Fuzi;Caowu;Husuibu;Baijiaoxiang;Wuchuan;Fangfeng;Tiannanxin;Xilinzhi;Pixie;Baifuzi;Zirantong;Huluba;Buguzhi;Jiangcan;Wulinzhi;Chixiaodou;Luomi;Ruxiang;Moyao
P0489,Qiandan;Moyao;Ruxiang;Xieyutan;紫矿;槐角;Mubiezi;蛤蚧;Bailian;Baiji;Danggui;Rougui;Shexiang;Baizhi;Kuxinren;Liuzhi;脂麻油;Xiejie
P0490,Wujuzi
P0491,Danggui;Zirantong;Wujinshi;Dahuang
P0492,Cangshu;Caowu;Shengjiang;Congbai
P0493,Wutou;Goudan
P0494,Chixiaodou;Bailian;Chishao;Heshouwu;Xixin;Caowu;Baiji;Rougui;Tiannanxin;Danggui;Chuangong;Baicaoshuang;Husuibu;Wuyao
P0495,Maidong;Wuweizi;Renshen;Rougui;Gancao;Digupi;Xiaomai;粳米
P0496,Shengdihuang;Gancao;Wuweizi;Renshen;Maidong;Xiaomai;Digupi;薤白;Shengjiang;粳米
P0497,Danggui;Tiannanxin;Honghua;Baizhi;Fangfeng
P0498,Caowu;Shanzhima;Xionghuang;Xiejie;Chuanshanjia
P0499,Hougu;Ertai;Lutai;Xiejie;Hupo;Renshen;Zirantong
P0500,Danggui;Honghua;Baizhi;Fangfeng;Tiannanxin
P0501,Danggui;Chuangong;Shengdihuang;Baishao;Cangshu;Houpu;Fulin;Chenpi;Banxia;Jiegen;Qianghuo;Duhuo;Qianhu;Chaihu;Ganjiang;Jiqiao;Rougui;Gancao;Shengjiang
P0502,Wujiapi;Chuanliuxi;Huangqi;Yuzhu;Fangfeng;Fushou;Sangzhi;Danggui;Chenpi;Mugua;Sumu;Songjie;Chuangong;Zhizi;Duzhong;Qingjiu
P0503,Wujiapi;Rougui;Mianpi;Liangjiang;Sharen
P0504,Wujiapi;Husuibu;Xuduan;Qilinxian
P0505,Wulinzhi;Jingjie;Fangfeng;Qianghuo;Duhuo;Gancao;Chuanshanjia;Husuibu;Caowu;Shexiang
P0506,Moyao;Ruxiang;Huajiao;Shaoyao;Chuangong;Danggui;Zirantong
P0507,Zirantong;Huajiao;Danggui;Moyao;Ruxiang
P0508,Xiejie;Xionghuang;Honghua;Ercha;Zhusha;Ruxiang;Danggui;Moyao;Shexiang;Binpian
P0509,Shexiang;Wutou;Wulinzhi;Fangfeng;Ximo;Gancao;Ruxiang
P0510,Chi;Sufangmu
P0511,Chi
P0512,Renshen;Fangfeng;Chuangong;Houpu;Tiannanxin;Banxia;Jiegen;Rougui;Danggui;Huangqin;Baizhi;Qianghuo;Duhuo;Chaihu;Gancao
P0513,Chishao;Chuangong;Danggui;Shengma;Qianghuo;Chenpi;Banxia;Fangfeng;Tiannanxin;Gancao;Ganjiang
P0514,Xiaofengsan;Zhutongsan
P0515,Husuibu;Danggui;Wuchuan;Baiyangpi;Rougui;Wushu;Dingxiang;Ganjiang;Chuangong;Xixin;Fuzi;Ruxiang;Moyao;Shaoyao
P0516,Renshen;Huangqin;Tiannanxin;Banxia;Shengjiang
P0517,Zisu;Wuyao;Baishao;Chenpi;Gancao
P0518,Ajiao;Aiye
P0519,Gansong;Yizhiren;Xiangfu;Dingxiang;Gancao;Wushu;Sharen
P0520,Wuyao;Xiangfu;Ruxiang;Chenxiang
P0521,Mahuang;Chuangong;Ruxiang;Moyao;Chuanshanjia;Maqiandie
P0522,Rougui;Mahuang;Sangbaipi;Kuxinren;Jiegen;Xicha;Gancao
P0523,Wuchuan;Caowu;Jingjie;Cangshu;Zirantong;Baizhi;Dilong;Moyao;Ruxiang;Wujuzi;Huangguazhong;Mubiezi;Shaoguazhong
P0524,Xuduan;Shengdihuang;Danggui;Chuangong;Fuzi;Rougui;Zelan;Huajiao;Gancao
P0525,Xuduan;Fangfeng;Huangqi;Ruxiang;Moyao;Zirantong;Liuxi
P0526,Danggui;Shudihuang;Tusizi;Husuibu;Xuduan;Heshouwu;Fulin;Baishu;Mudanpi;Xiejie;Liuxi;Honghua;Ruxiang;Moyao;Hugu;Ercha;Lujiao;Zirantong
P0527,Gutongqian;Moyao
P0528,Layuezhuzhi;La;Qiandan;Zirantong;Mituoseng;Baifan;Xiejie;Moyao;Ruxiang;Zhusha
P0529,Tiannanxin;Wuchuan;Wulinzhi;Dilong;Ruxiang;Moyao;Jiangcan;Qianghuo;Tianma;Quanxie;Baifuzi;Zhusha;Qinfen;Xionghuang;Zhangnao;Shexiang
P0530,Shengdihuang;Chugen
P0531,Caowu;Ruxiang;Moyao;Wulinzhi;Shexiang
P0532,Duzhong;Danggui;Yanhusuo
P0533,Shengdihuang;Danggui;Chuangong;Chishao;Qianghuo;Shengdihuang;Wuyao;Qingpi;Qingjiu;Xuduan;Duzhong;Buguzhi;Gancao;Mugua;Sanqi;Jiqiao;Xiaohuixiang;Xiangfu;Wujiapi;Qilinxian
P0534,Zijinpi;Mudanpi;Wujiapi;Yujin;Wuyao;Rougui;Chuangong;Husuo;Muxiang;Yangzhizhuo;Ruxiang;Qianghuo
P0535,Danggui;Shengdihuang;Wuyao;Sanqi;Rougui;Ruxiang;Moyao;Liuxi;Mudanpi;Honghua;Husuo;Fangfeng;Duhuo;Duzhong;Wujiapi;Luodedacao;Chuangong;Hugu;Ganjiang;Jianghuang;Zijinpi;Haitongpi
P0536,Yeheshu;Jiecaizi
P0537,Xixin;Huangbai
P0538,Gutongqian;Tubiechong;Gualouren
P0539,Wulinzhi;Wuchuan;Moyao;Caowu;Dilong;Ruxiang;Shexiang;Zhusha;Baijiaoxiang
P0540,Gutongqian;Tianguazi;Zhenzhu
P0541,Yimucao
P0542,Tiannanxin;Baifuzi;Fangfeng
P0543,Zirantong;Lurong;Cangshu;Wuchuan;Tiannanxin;Hugu;胡桃;Gancao;Tianguazi;Moyao;Ruxiang;Longjiang;Huajiao;Huluba;Buguzhi;Xiangfu;Baizhi;Wulinzhi;浮萍草;Xiejie;Xionghuang;Huixiang;Chuanjianzi
P0544,Xiangfu;Zisuzi;Sumu;Laifuzi;Taoren;Danggui;Jiangxiang;Honghua;Zhishi;Qingpi;Chenxiang;Muxiang;Rougui;Ruxiang;Moyao;Huoxiang;Chenpi;Binlang;Wushu;Baidoukou
P0545,Renzhongbai
P0546,Tiannanxin;Fangfeng
P0547,天虫;Tiannanxin;Fangfeng;Baizhi
P0548,Tiannanxin;Fangfeng;Baizhi;Tianma;Qianghuo;Baifuzi
P0549,Tiannanxin;Fangfeng;Moyao
P0550,Cangshu;Chuangong;Shenqu;Xiangfu;Zhizi;Chenpi;Banxia;Fulin;Lianqiao;Laifuzi;Zhishi;Baishu;Huanglian;Shanzha;Muxiang;Danggui
P0551,Danggui;Baishao;Chuangong;Chaihu;Xiangfu;Cangshu;Zhizi;Shenqu;橘红;Banxia;Fulin;Huanglian;Sangbaipi;Digupi;Chuanbei;Gancao
P0552,芸苔子;Dahuang;Moyao;Puhuang;Shuizhi;Nifen;Shengdihuang;Shengjiang
P0553,Zelan;Danggui;Honghua;Mudanpi;Qingniuhuang;Taoren;Chishao
P0554,Zelan;Mudanpi;Liuxi;Taoren;Honghua;Danggui;Sanqi;Chishao
P0555,Zelan;Chishao;Danggui;Baizhi;Puhuang;Chuangong;Xixin;Yanhusuo;Liuxi;Tianxiong;Taoren;Shengdihuang;Dahuang;Shengdihuang;Xuduan;Zaojia
P0556,Dahuang;Taoren;Honghua;Danggui;Liujilu;Chuangong;Chishao
P0557,Zijinpi;Rougui;Bajiaohuixiang;Gancao;Wuchuan;Caowu
P0558,Sumu;Danggui;Baiwojuzi;Wumingyi;Moyao;Ruxiang
P0559,Danggui;Chuangong;Baishao;Cangshu;Houpu;Fulin;Banxia;Baizhi;Jiqiao;Jiegen;Ganjiang;Shengdihuang;Mahuang;Gancao;Qianghuo;蜜香
P0560,Dingxiang;Muxiang;Xiejie;Ercha;Dahuang;Honghua;Danggui;莲子;Fulin;Baishao;Mudanpi;Gancao
P0561,Shudihuang;Danggui;Chuangong;Chishao;知母;Huangbai;Mutong;Gancao
P0562,Chuanbei;浙Beimu;Banxia;竹茹;冬花;Sangbaipi
P0563,Baizhi;Like;Gancao;Ruxiang;Moyao
P0564,黄麻;Xieyutan;Ruxiang
P0565,Danggui;Liuxi;Chuangong;淮Shengbian;Chishao;Baizhi;Qianghuo;Duhuo;Duzhong;Xuduan;Rougui;Bajiaohuixiang;Ruxiang;Moyao;Muxiang;Dingpi;Chenxiang;Xiejie
P0566,Niuhuang;Tenghuang;Dahuang;参山漆;天竺黄;明腰黄;粉条Ercha;Binpian;阿魏;Moyao;Xiejie;Shexiang;Ruxiang
P0567,Danggui;Dahuang;Shengdihuang;Chishao;Taoren;Honghua;Mudanpi;Guijia
P0568,Duzhong;Bajiaohuixiang;Xiaohuixiang
P0569,Chuangong;Qianghuo;Duhuo;Fangfeng;Yanhusuo;Danggui;Honghua;Xiangfu;Chenpi;Mudanpi;Shengdihuang;Liuxi;Wuyao;Qingpi;Jiqiao;麦芽;Baishu;Shengdihuang;Taoren;Shenqu;Duzhong;Chaihu;Mugua;Huangqin;Jingjie;Wujiapi;Xuduan;Sumu;Gancao;Mutong
P0570,Baishao;Danggui;Chuangong;Xuduan;Honghua;Shengdihuang;Liuxi;Mudanpi;Duzhong
P0571,Shudihuang;Duzhong;山芋;枸杞;Buguzhi;Honghua;Qianghuo;Duhuo;Roucongrong;Tusizi;Danggui
P0572,Gutongqian;Badou;Dahuang;羊胫骨
P0573,紫葛;石膏;Renshen;Danshen;Xixin;紫参;Kushen;Xuanshen;齐盐;代赭石;Roucongrong;Badou;Wutou;Ganjiang;Shengdihuang;Duhuo
P0574,Wuchuan;Caowu;Wulinzhi;Mubiezi;Husuibu;Qilinxian;Jinmaogouji;Zirantong;Fangfeng;Dilong;Wuyao;Qingpi;Chenpi;Huixiang;Qianniuzi;Ruxiang;Moyao;Hongliangzi;Shexiang;Yuyuliang
P0575,Zijinpi;Liujilu;Danggui;Baizhi;Chishao;Baishao;Qianniuzi;Shengdihuang;Chuangong;Chuanliuxi;Ruxiang;Moyao;Buguzhi;Mutong;Muxiang;Zirantong;Huoxiang;Muzei;Rougui;Qianghuo;Duhuo;Banxia;Husuibu;Caowu;Wuchuan
P0576,紫荆藤;Jiangxiang;Xuduan;Husuibu;Wumingyi;Hupo;Puhuang;Liuxi;Danggui;Taoren;Dahuang;Mangxiao
P0577,Dahuang;Ganqi;Jiqiao;Honghua;Wulinzhi;Danggui;Taoren;Baishao;Shengdihuang;Tubiechong;Xiangfu;Mudanpi;Liuxi;Chuangong;Gutongqian;Xiejie;Zirantong
P0578,犀黄;Xionghuang;Dahuang;天竺黄;Tenghuang;Binpian;Ercha;参Sanqi;Xiejie;Ruxiang;Moyao;Shexiang;阿魏
P0579,Zirantong;Ruxiang;Moyao;Danggui;Qianghuo
P0580,Heidou;Wuchuan;Ruxiang;Moyao;Caowu
P0581,Wumei
P0582,Mike;Danggui;Ruxiang;Moyao;Xiejie;Gancao;Chuangong;Gutongqian
P0583,Qianhu;Baishu;Baizhi;Chuangong;Huajiao;Wuzhuyu;Fuzi;Danggui;Xixin;Shengdihuang
P0584,Gutongqian;Moyao;Ruxiang;Zhenzhu
P0585,Ruxiang;Moyao;孩Ercha;蚕茧
P0586,Danggui;Shudihuang;Mubiezi;Chuangong;Caowu;Shaoyao;Xixin;Zirantong
P0587,Heidou;Danggui;Shudihuang
P0588,Cangshu;红曲;Xiangfu;Baizhi;Caowu
P0589,Muxiang;Gutongqian;Zirantong;Shexiang
P0590,Mike;Mahuang;Ruxiang;Danggui;Gancao;Shaoyao
P0591,海螵蛸;Mubiezi;Baiji;白敛
P0592,Caowu;Cangshu;Qingpi;Baizhi
P0593,Danggui;Caowu;Baizhi
P0594,Heshouwu;Caowu;Ruxiang;Moyao
P0595,七气罂口;Gutongqian
P0596,Ruxiang;Moyao;Zirantong;滑石;Longjiang;赤Shizhi;Shexiang
P0597,Danggui;Chuangong;Baishao;Renshen;Rougui;Qingpi;Chenpi;Mahuang;Cangshu;Dingxiang;Qingniuhuang;Ruxiang;Moyao;Chenxiang;Xiejie;Ercha;Gancao
P0598,Xieyutan
P0599,纯黄丝;Hugu;Gutongqian;鳖甲
P0600,Heshouwu;Fuzi;Ruxiang;Moyao;Muxiang;Danggui;Gancao;Wulinzhi;Zirantong;Wuchuan
P0601,粪屎内瓦子;Tianguazi
P0602,Tianhuafen;Gualouren
P0603,蟹
P0604,Tubiechong;Badou;Banxia;Ruxiang;马包
P0605,Gutongqian;Tubiechong
P0606,Ruxiang;Moyao;Zirantong;Gutongqian;Tianguazi;络户绵;Danggui;Shaoyao;Chuangong;Caowu
P0607,Banxia;Zirantong;Ruxiang;Gutongqian;Moyao;Husuibu
P0608,Shuizhi;Moyao;Ruxiang;Mubiezi;Huoxiang;Muxiang;Fuzi;Caowu;绵子灰;Zirantong;Xieyutan
P0609,竹茹;Luanfa;Yanhusuo
P0610,Shuizhi;Shexiang;Gutongqian;Zirantong
P0611,接骨铜;Tubiechong
P0612,Hugu;Guijia;Huangqi;Liuxi;Pixie;Xuduan;Ruxiang
P0613,Danggui;Honghua;Taoren;Dahuang;Zirantong;Tubiechong;黄麻;Ruxiang;Moyao;Ercha;Zhusha;Xionghuang;Husuibu;Gutongqian;Shexiang
P0614,Moyao;Xiejie;Dingxiang;Hugu;Ruxiang;Husuibu;Sangbaipi;Chixiaodou
P0615,Danggui;Xuduan;Husuibu;Liuxi;Taoren;金Yinhua
P0616,虎睛;Jinbo;Yinbo;Zhusha;Fulin;羚羊角;Yuanzhi;Renshen;Maidong;Puhuang
P0617,Wulinzhi;Mubiezi;Chuanshanjia;Dilong;黄麻;Shexiang;芸香;Ruxiang;Gutongqian;Zirantong;Caowu;Quanxie;Danggui;Jinmo
P0618,Yimucao;一重担
P0619,Ganjiang;Rougui;Liuxi;Qianghuo;Chuangong;Xixin;Jianghuang;Shaoyao;Caowu;Wuchuan;Husuibu;Danggui;Cangshu;木鳖肉;Moyao;Heshouwu;Jiegen;Ruxiang;Chixiaodou;Baizhi;Haitongpi
P0620,Qiandan;Mituoseng;Zirantong;Zhusha;Xiejie;Ruxiang;Moyao;黄La;Baifan;Layuezhuzhi
P0621,Moyao;Xiejie;Dingxiang;Hugu;Ruxiang;Husuibu;Sangbaipi;Chixiaodou
P0622,Gutongqian;Ruxiang;Moyao;Qinfen
P0623,Qingmayou;Huangqi;Mutong;Kuxinren;Zaojia;Luanfa
P0624,Shuizhi;Zirantong;Danggui;Wumingyi;Ruxiang;Moyao;透罗绵;Xieyutan;Cangshu;Wulinzhi;Caowu;Gutongqian
P0625,Ruxiang;Moyao;Huajiao;Gutongqian;马兰花;Baizhi;Wuchuan;Zirantong;Baijiaoxiang;Danggui;Muxiang;Chishao;Caowu;Mituoseng;Chuangong;红豆蔻
P0626,Danggui;Huangqi;Chishao;Liuxi;Rougui;Baizhi;Zijinpi;Wuchuan;Ruxiang;Moyao
P0627,Moyao;Ruxiang;Danggui;Huajiao;Zirantong;Chishao;败龟板;Hugu;Baizhi;Husuibu;Qianjinteng
P0628,Bailian;Baiji;Tiannanxin;Shaoyao;Danggui;Xixin;Chixiaodou;Baicaoshuang
P0629,Ruxiang;Moyao;Xiejie;Beimu;Qianghuo;Muxiang;Houpu;Wuchuan;Caowu;Baiji;Shexiang;Zijinpi;Xiangfu;Xiaohuixiang;甲珠;Zirantong;Mugua;Rougui;Danggui;Duhuo;Xuduan;Hugu;Chuangong
P0630,Ruxiang;Moyao;Husuibu;Danggui;Mangxiao;Xiejie;Tubiechong
P0631,Renshen;Longjiang;赤Shizhi;Ruxiang;Moyao;Xiejie;Qinfen;Beimu;Zhenzhu;Binpian
P0632,Ruxiang;Moyao;Xiejie
P0633,Zijinpi
P0634,Huixiang;Zhangnao;Honghua
P0635,滴花烧Jiu;Zhangnao;罂粟
P0636,藏瓜姜糟;Shudihuang;Shengjiang;Aiye
P0637,Zhenzhu;滑石;炉甘石;Mangxiao;Ruxiang;荸荠
P0638,Moyao;Ruxiang;Qinfen;Ercha;Longjiang;Qiandan;Xiejie;Binpian;Zhenzhu;Baicaoshuang
P0639,Fangfeng;Jingjie;Chuangong;Gancao;Danggui;Huangbai;Cangshu;Mudanpi;Huajiao;Kushen
P0640,Songxiang;Qiandan;Jili;白鲜皮
P0641,Bailian;Baiji;Baizhi;碧芦皮
P0642,Baizhi;Tiannanxin;Baishu;Heshouwu;Jiegen;Qianghuo;Duhuo;Baishao;Baiyangpi;Chuangong;Fulin;Bailian;Danggui;Yiniren;Husuibu;Liuxi;Xuduan;Wuchuan;Xixin;Rougui;Fengxiang;Ruxiang;Moyao
P0643,麻油;Songxiang;白La;黄La;Qinfen;Binpian;Shexiang;鸡蛋白
P0644,百草
P0645,Huoxiang;Aiye;蓖麻子;Caowu;Jingjie;Wuyao;Shengdihuang;Fengfang;藁本;Qingjiu;Quanxie;Jiqiao;Qilinxian;Taoren;Huangqin;Xuanshen;Muxiang;Duhuo;Kuxinren;Rougui;Mahuang;白鲜皮;Tiannanxin;Danggui;Tanxiang;Jiangcan;Fuzi;Zaojia;Xiangfu;Laifuzi;Shengdihuang;Cangshu;Qianghuo;Zijinpi;Beimu;Liuxi;Bailian;Husuibu;Fangfeng;Chishao;清风藤;Sumu;Xixin;Wujiapi;Chuangong;蝉蜕;Liangjiang;大风子;Lianqiao;Dingxiang;Gancao;Zhizi;鳖甲;Baiji;Xuduan;Honghua;紫Dingpi;Banxia;Baizhi;Kushen;Xieyutan;Dahuang;Wugong;蛇蜕;槐枝;桃枝;Liuzhi;Sangzhi;榆枝;Songxiang;Baicaoshuang
P0646,Baizhi;Rougui;Danggui;Xuanshen;Dahuang;Chishao;Mubiezi;Xieyutan;Shengdihuang
P0647,Banao;黄La;猪脂
P0648,Shengdihuang;Cangshu;Jiqiao;Wujiapi;Wushu;Taoren;Shannai;Danggui;Wuchuan;Chenpi;Wuyao;Sanleng;Dahuang;Heshouwu;Caowu;Chaihu;Fangfeng;Liujilu;Zaojia;Qianghuo;Qilinxian;Chishao;Tiannanxin;Xiangfu;Jingjie;Baizhi;海风藤;藁本;Xuduan;Liangjiang;Duhuo;Mahuang;Gansong;Lianqiao;Chuangong;Xieyutan;Qiandan;Rougui;Shexiang;Muxiang;Fuzi;Binpian;Zhangnao;Xiaohuixiang;Ruxiang;Moyao;阿魏;Xixin
P0649,Shengdihuang;Cangshu;Jiqiao;Wujiapi;Wushu;Taoren;Shannai;Danggui;Wuchuan;Chenpi;Wuyao;Sanleng;Dahuang;Heshouwu;Caowu;Chaihu;Fangfeng;Liujilu;Zaojia;Chuangong;Rougui;Qianghuo;Qilinxian;Chishao;Tiannanxin;Xiangfu;Jingjie;Baizhi;海风藤;藁本;Xuduan;Liangjiang;Duhuo;Mahuang;Gansong;Lianqiao
P0650,Liqin;Qilinxian;蓖麻子;黄La;Ruxiang;Moyao;麻油;Mubiezi
P0651,荜茇;Liangjiang;Xixin
P0652,蓖麻子;Mubiezi;Canger;Xionghuang;Jinmaogouji
P0653,Binlang;Huanglian;Muxiang;Longjiang
P0654,Xuduan;Danggui;Ruxiang;Moyao;Husuibu;Zirantong;Wujiapi;Honghua;Qilinxian;Sumu;Chuangong;Wubeizi;Wumingyi;Chishao
P0655,Buguzhi
P0656,Huajiao;兽脑骨;红内消;Baizhi
P0657,Xiangyou;黄La;Mituoseng;Ruxiang;Moyao
P0658,龙眼;Binpian
P0659,Renshen;Fulin;山药;Shudihuang;Danggui;Digupi
P0660,Zijinpi;Cangshu;Zaojiao;鸡脚风叶;Husuibu
P0661,Chidili;Huangbai;Shihui
P0662,Shengdihuang;麻脂;薰陆香;Dingxiang;Qiandan;La
P0663,赤Shizhi
P0664,Congbai
P0665,Zhizi;Tiannanxin;Caowu;Wuchuan;Banxia;Honghua;Taoren;Kuxinren
P0666,Baizhi;Dahuang;Huanglian;Baiji;Bailian;Huangqin;Mubiezi;Huangbai;Qianghuo;Duhuo;Jinmaogouji;Kuxinren;Danggui;Shaoyao;Chuangong;Roucongrong;Shengdihuang;Qianhu;Rougui;Chaihu;Jingjie;Huangqi;Lianqiao;Fangfeng;蓖麻子;Ruxiang;Moyao;Xiejie;Zhangnao;Xieyutan;Xiangyou;飞丹;Shexiang;槐枝;Liuzhi
P0667,Liqin;Qiandan;Ruxiang;油
P0668,Danggui;Chishao;Wuyao;小油;Moyao;Ruxiang;Hupo;Liqin;Qiandan
P0669,Liqin;小油
P0670,Roucongrong;Chuanshanjia;Qiandan;Longjiang;Hugu;Baiji;Mubiezi;Tianlingai;寒食面
P0671,Cansha;绿豆粉;枯矾
P0672,Shengdihuang;Muxiang
P0673,Shengdihuang;藏瓜姜糟;Shengjiang
P0674,Shengdihuang;Jiu糟
P0675,地菘;Shihui;旋覆花;葛叶;青蒿;Maidong
P0676,Ruxiang;Moyao;Xiejie;Xiangyou;Sanqi;Binpian;Zhangnao;Qiandan
P0677,Ruxiang;Moyao;Xiejie;Binpian;Zhangnao;Jinbuhuan;Qiandan;茶油清
P0678,Qianghuo;Duhuo;Jingjie;薄荷;Cangshu;Dahuang;Huangbai;Danggui;Puhuang;Fangfeng;Baizhi;Liujilu;Zijinpi
P0679,Shihui;Xiejie;Songxiang;Ruxiang;Moyao
P0680,Shengdihuang;薄荷;Duhuo;Chishao;Chuangong;Qianghuo;Lianqiao;Xiangfu;Jingjie;Danggui;Fangfeng;Taoren;Yiniren;Qingpi;Wujiapi;Mudanpi;Duzhong;Huangbai;Yanhusuo;Baishao;Baizhi;Liuxi;Honghua;白鲜皮;Mutong;Sumu;Mugua;Gancao;Houpu;Zisugeng;Zhishi;Jiqiao;Qingjiu;Xuduan;Huangqi;Gansong;Sanleng;Shannai;Xuanshen;Liujilu;Husuibu;Qiandan
P0681,Danggui;Sanleng;Wushu;Duhuo;Baizhi;Chuangong;Qianghuo;Duzhong;Chuanliuxi;Fangfeng;Rougui;Honghua;Xuduan;Fangji;Wujiapi;Husuibu;Chishao;Liujilu;Qingjiu;Congbai;Tubiechong;Xieyutan
P0682,Danggui;Chuangong;Baiji;Chishao;Dahuang;Sumu;血藤;Yujin;Liangjiang;Liujilu;Wujiapi;Qingniuhuang;Qianghuo;Jianghuang;Sangjisheng;Sanleng;Wushu;Huangbai;Xieyutan;Tubiechong;Honghua;Taoren;Chuanliuxi;Yanhusuo;Qingjiu;Fangfeng;白鲜皮;Congbai
P0683,Shexiang;Xiejie;Honghua;Binpian;Ruxiang;Moyao;Zhusha;Ercha;Danggui
P0684,芙蓉叶;Zijinpi;Duhuo;Tiannanxin;Baizhi
P0685,Ruxiang;Moyao;Danggui;Chuangong;Dilong;Xixin;Qianghuo;Hafen;Qiandan;Puhuang
P0686,Wuchuan;Caowu;Ruxiang;Longjiang;Chansu;Moyao;Huajiao
P0687,Danggui;Chuangong;Baishao;Rougui;Shannai;Shexiang;Honghua;紫Dingxiang根;Shengma;Fangfeng
P0688,Shengdihuang;Shengjiang
P0689,Xiejie;Jiangxiang;灯心草;Longjiang;Sumu;Honghua;Danggui;Ruxiang;Moyao;新鸡;Jiegen
P0690,Luanfa;蓖麻子;猪脂;麻油;Qilinxian;Shudihuang;Duhuo;金Yinhua;Danggui;Baizhi;Wuchuan;Caowu;Rougui;Ruxiang;Moyao;Qiandan;Songxiang;Shexiang
P0691,Wuchuan;Caowu;Danggui;Honghua;Rougui;Baizhi;Taoren;Fangfeng;Chishao;Buguzhi;Chuanshanjia;Qianghuo
P0692,Muli;赤Shizhi;国丹
P0693,Danggui;Shengdihuang;Chuangong;Baishao;Jingjie;Fangfeng;钩藤;Bajiaohuixiang;Mugua;Wujiapi;Baizhi;Zijinpi;Qianghuo;Binlang;Duzhong;Buguzhi;Wulinzhi;Qilinxian;Ruxiang;Moyao;Wuyao;Zirantong;Liuxi;Tiannanxin
P0694,Zijinpi;Tiannanxin;芙蓉叶;Duhuo;Baizhi;Chishao
P0695,Fuzi;猪脂
P0696,Tubiechong;Honghua;大仙人柴;Gutongqian;Zirantong;Ruxiang;Moyao
P0697,Fushe;紫花地丁
P0698,Shengdihuang;Danggui;Fuzi;Dahuang;Xuduan;Rougui;Hupo;Jiqiao;Taoren
P0699,猪毛;Songxiang;Congbai;大蒜;姜;定油;Qiandan;Zhangnao
P0700,Xiangyou;Qiandan;Badou;Mubiezi;Chuanshanjia
P0701,Wuchuan;Gancao;Dahuang;Danggui;Chishao;Baizhi;Lianqiao;Bailian;Rougui;Mubiezi;槐枝;Liuzhi;桃枝;Sangzhi;枣枝;Kushen;Zaojiao
P0702,阿魏;荜澄茄;Taoren;Hujiao;Ruxiang;Moyao;Sanleng;Qingpi;Wushu;Wulinzhi;Xiejie;白信;Binpian;Shexiang
P0703,Jiqiao;Qingpi;Chuanjianzi;大风子;赤Shizhi;Jiangcan;Chishao;Rougui;Tianma;Xiaohuixiang;Shechuangzi;Gancao;Wuyao;Liuxi;Qianghuo;Huangbai;Buguzhi;Qilinxian;Wuchuan;Danggui;Muxiang;Xixin;Xuduan;Tusizi;Bailian;Taoren;Fuzi;Chuangong;Caowu;Duzhong;Yuanzhi;Chuanshanjia;Xiangfu;Baishu;Chenpi;清风藤;Qinfen;Ercha;Gongdingxiang;Zhangnao;Moyao;Xiejie;Ruxiang
P0704,Houpu;阿魏;Chishao;椿皮;Mugua;Danggui;Baizhi;Songjie;Sumu;Shengdihuang;Rougui;Xuanshen;Xiangyou;Zhangnao;Lujiao;Dingxiang;Rougui;Ruxiang;Moyao;Qianghuo;Duhuo;荜茇;Liangjiang;Dahuang
P0705,Jiqiao;Fangfeng;Kuxinren;Zexie;Diyu;Tianma;Wuweizi;Wuchuan;浙Beimu;猪苓;赤Shizhi;Bailian;Gancao;Chishao;Wujiapi;Zhizi;薄荷;山药;Heshouwu;Qianghuo;Kushen;Qingpi;Huangqin;Buguzhi;Shudihuang;Xiangfu;Yuanzhi;Banxia;Duhuo;Jingjie;Mahuang;Roucongrong;Xiaohuixiang;Caowu;Baizhi;Chenpi;Qianhu;Yinhua;Liuxi;藁本;Fuzi;Bajiaohuixiang;Mutong;Wulinzhi;Rougui;Lianqiao;Jiangcan;Xuduan;Shechuangzi;Jiegen;Dahuang;Danggui;知母;茵陈;Xixin;Huangbai;Wuyao;Canger子;Chuangong;Shengdihuang;Duzhong;Cangshu;Xuanshen;Chuanjianzi;Taoren;Jili;楮实子;大风子;清风藤;Tusizi;Baishu;Chuanshanjia;Wugong
P0706,Shengdihuang;Qilinxian;Fangfeng;Wujiapi;Xixin;Jingjie;Ruxiang;Moyao
P0707,宽筋藤;钩藤;Rendong藤;王不留行;Liujilu;Fangfeng;Dahuang;Jingjie
P0708,Rougui;芸苔子;白芥子;Mubiezi;Dahuang;Guijia;Hugu;赤狗脑骨
P0709,Baicaoshuang;Feiluomian;Shengjiang
P0710,Haitongpi;透骨草;Ruxiang;Moyao;Danggui;Huajiao;Chuangong;Honghua;Qilinxian;Baizhi;Gancao;Fangfeng
P0711,Baifuzi;Wuchuan;Caowu;Mubiezi;金Yinhua;Cangshu;Chishao;Lianqiao;Huangqin;Heshouwu;大风子;Baizhi;火麻仁;蓖麻子;Ganjiang;Danggui;Huajiao;Xieyutan;Husuibu;Wugong;Jiangcan;Fangfeng;Xixin;蝉蜕;Tiannanxin;Banxia;Maqianzi;Huangbai;Duhuo;Jingjie;Honghua;西茜;Shechuangzi;孩Ercha;Jianghuang;粉草;猪油;麻油;桐油
P0712,Danggui;Sumu;Honghua;胡桃
P0713,枇杷叶;Chuanshanjia
P0714,雄鸡毛;Sangshutan;Songjie;嫩松心;Cebai;Danggui;Liuxi;Heshouwu;Heidou;Tiannanxin;Husuibu;Shudihuang;Qianghuo;Duhuo;Chishao;Chuangong;Baizhi;Xixin;Rougui;Wuchuan;Caowu;Mubiezi;Muxiang;Wulinzhi;Jiangxiang;Ruxiang;Moyao;Fengxiang;Baicaoshuang
P0715,Songxiang
P0716,藏Honghua
P0717,Jiangxiang;Danggui;Chuanshanjia;Xiejie;Ruxiang;Moyao;红公鸡
P0718,Duhuo;Heshouwu;Tiannanxin;Baizhi;Qianghuo;Danggui;Husuibu;Sumu;Liuxi;Chishao;Honghua;Chuangong;Xixin;Wuchuan;Jiegen;Jiangxiang;Fengxiang;Xiejie;Ruxiang;Moyao
P0719,Tianhuafen;Baizhi;Chishao;Yujin
P0720,Hugu;Shihu;Chishao;Baiji;Chuangong;Qianghuo;Shengdihuang;Duzhong;Shengdihuang;Wuchuan;Bailian;Chuanshanjia;Duhuo;Mahuang;透骨草;Danggui;Caowu;Honghua;Dahuang;Fangfeng;Gancao
P0721,Hugu;Jinmaogouji;Chuanshanjia;Husuibu
P0722,Huangbai;Songxiang;鸡子
P0723,Ruxiang;Moyao;Qianghuo;Zisu;Xixin;Caowu;蛇含石;Houpu;Baizhi;Jiangxiang;Danggui;Sumu;Tanxiang;Longjiang;Tiannanxin;Qinfen;Shexiang;Huaruishi
P0724,白芥子;Gansui;Dilong;Qilinxian;急性子;透骨草;麻根;Xixin;Wumei;Chuanshanjia;Xieyutan;江子;Quanxie;Fangfeng;Caowu;紫硇砂
P0725,Chuangong;Baizhi;Shengdihuang;Shudihuang;Danggui;Baishu;Chenpi;Xiangfu;Jiqiao;Wuyao;Banxia;Qingpi;Xixin;知母;Kuxinren;Sangbaipi;Huanglian;Huangqin;Huangbai;Zhizi;Cangshu;Dahuang;Chaihu;薄荷;Chishao;Mutong;Taoren;Xuanshen;猪苓;Zexie;Jiegen;Qianhu;Shengma;Mahuang;Liuxi;Duzhong;山药;Yuanzhi;Xuduan;Liangjiang;Heshouwu;Gancao;Lianqiao;藁本;茵陈;Diyu;Fangfeng;Jingjie;Qianghuo;Duhuo;金Yinhua;Jili;Kushen;Jiangcan;Tianma;Tiannanxin;Wuchuan;Qilinxian;白鲜皮;Wujiapi;清风藤;Yimucao;Liangtoujian;Wubeizi;大风子;Badou;Chuanshanjia;芫花;Wugong;Canger子;桃枝;Liuzhi;槐枝;Sangzhi;楝枝;楮枝
P0726,Huangbai;Huangqin;萝卜叶
P0727,Huangbai;Banxia
P0728,麻油;Tenghuang
P0729,Wuchuan;Caowu;Jiangxiang;Fengxiang;Rougui;Songxiang;Jianghuang;Ruxiang;Moyao;Xixin;Danggui;Chishao;Qianghuo;Duhuo;Chuangong;Puhuang;Baizhi;Wujiapi;Jiegen;Husuibu;Cangshu;Heshouwu;Chuanliuxi;Jianghuang
P0730,Huangqi;Danggui;Fuzi;Baizhi;Chuangong;Xuduan;Xixin;薤白;猪脂
P0731,Cangshu;Chishao;Baizhi;Danggui;Kushen;Ruxiang;Duhuo;Chuangong;Tiannanxin;Caowu;Moyao;Tianhuafen;Mubiezi
P0732,Huixiang;Dingxiang;Zhangnao;Honghua;白Jiu
P0733,羚羊血;Moyao;Liulu;Honghua;Dahuang;Shexiang;Shengma;Baiji;Zhizi;Gancao;Xionghuang;白敛
P0734,Chuanshanjia;Wubeizi;Fangfeng;Danggui;Qianghuo;Duhuo;Baizhi;Huanglian;Jiqiao;Rougui;Zaojia;Mubiezi;Quanxie;Xixin;Huangbai;Taoren;Chuangong;诃子;Tiannanxin;Qingpi;Duzhong;Sanleng;Wushu;Wuchuan;Fuzi;Houpu;Xiangfu;Dilong;Dahuang;Binlang;Xuduan;Husuibu;Wugong;Maqianzi;蛇蜕;Muxiang;乌蛇肉;Qilinxian;Tianma;Liujilu;Honghua;首乌藤;海风藤;Tubiechong
P0735,Honghua;Moyao;Baizhi;Danggui;Baifuzi;钩藤;Zicao;Zhizi;Huangyaozi;Gancao;Liujilu;Mudanpi;Binpian;Shengdihuang;Ruxiang;露Fengfang;Dahuang;白药子
P0736,Rougui;Xiejie;Ruxiang;Moyao;Dingxiang;Zhangnao;Ercha;Wuchuan;Caowu;Fuzi;Danggui;Chuangong;Taoren;Chishao;Duzhong;Buguzhi;Xuduan;Tusizi;Qilinxian;Bailian;Xixin;Yuanzhi;Chenpi;Xiangfu;Baishu;Chuanshanjia;Muxiang;Jiqiao;Qingpi;清风藤;大风子;Jiangcan;Tianma;Shechuangzi;Xiaohuixiang;Chuanjianzi;Wuyao;Gancao;Liuxi;Qianghuo;Huangbai;广丹;麻油
P0737,Qinfen;红粉;Ruxiang;Moyao;Ercha;Xiejie;Qiandan;蜂La;Xieyutan;蛇蜕;Xiangyou;Shexiang;Binpian
P0738,绿豆粉
P0739,辣椒;Qianghuo;Wuchuan;Duhuo;Gansong;Zhangnao;Binpian;Dingxiang
P0740,Shengdihuang;Dingxiang;Rougui;Luomi
P0741,Jixieteng
P0742,Shengdihuang;Danggui;Dahuang;Liujilu;雄鼠屎;Naoyanghua;Honghua;Rougui;Wuchuan;Caowu;Daji;芫花;Gancao;Gansui;Wulinzhi;Chuanshanjia;Zijinpi;Xieyutan;Tubiechong;野Chugen
P0743,Rougui;Baizhi;Danggui;Xuanshen;Chishao;Shengdihuang;Dahuang;Mubiezi;阿魏;Qinfen;槐枝;Liuzhi;Xieyutan;Qiandan;Ruxiang;Moyao
P0744,Huangbai;Fangfeng;Xuanshen;Chishao;Baizhi;Shengdihuang;Dahuang;Danggui;Rougui;海藻;昆布;Cangshu;金Yinhua;Zaojiao刺;Shancigu;Shengdihuang;Beimu;Heshouwu;Kushen;Lianqiao
P0745,Luanfa;蓖麻子;Shengdihuang;Xuanshen;Dahuang;Danggui;Chishao;Baizhi;Rougui;Songxiang;Qiandan;Ruxiang;Moyao
P0746,肥皂子
P0747,Husuibu;Xuduan;Maqianzi;Baiji;Mangxiao;Caowu;Wuchuan;Liuxi;Sumu;Duzhong;伸筋草;透骨草;Qianghuo;Duhuo;Mahuang;Wujiapi;Zaojiao核;Honghua;Zelan;Hugu
P0748,Xieyutan;Dahuang;Qilinxian;雄鼠粪;Wuchuan;Caowu;Liujilu;Tubiechong;Qianghuo;Duhuo;Honghua;Shechuangzi;Cangshu;Danggui;Tiannanxin;Banxia;白芥子;Taoren;樟冰;Gansong;Shannai;Huajiao;Zaojia;Chuanshanjia;荜茇;Moyao;Ruxiang;Baizhi;烟叶;商陆;Naoyanghua;Aiye;凤仙花;Shengjiang;Congbai;Jiucai;大蒜
P0749,Dahuang
P0750,马鞭草;雄鼠粪;Jiangcan
P0751,耳草叶;雪里开;水圹叶;乌苞叶;Zijinpi
P0752,小黄米面;Zaojiao;Fahui
P0753,Wulinzhi;Xiaohuixiang
P0754,Tiannanxin;Mubiezi;Moyao;Rougui;Ruxiang
P0755,Wuchuan;Caowu;Qianghuo;Duhuo;Chuanshanjia;Fangfeng;Jingjie;Dahuang;Huangqin;Huangbai;蛇蜕;角针;管仲;元武版;Lianqiao;Wubeizi;蝉蜕;Wugong;Gancao;Jiegen;Danggui;Chuangong;Chishao;Duzhong;Baizhi;金Yinhua;Jiangcan
P0756,Xuduan;Shengdihuang;Fuzi;Baiji;Bailian;Danggui;Sangbaipi;Duhuo;狗脊;黄米
P0757,Wujiapi;Ruxiang;Moyao;Tubiechong;Husuibu;Baiji
P0758,猕猴项骨;水獭骨;猫儿项骨;Guijia
P0759,Rougui;芸苔子;白芥子;Mubiezi;Dahuang;Guijia;Hugu;赤狗脑骨
P0760,Baishao;Buguzhi;Zirantong;Moyao;羊胫骨;Fulin;Husuibu;Wuchuan;Mubiezi;Hugu
P0761,Zhizi;Feiluomian
P0762,Zirantong;Jingjie;Fangfeng;Wujiapi;Zaojiao;Qiancao;Xuduan;Qianghuo;Duhuo;Ruxiang;Moyao;Shengdihuang;Baiji;Xiejie;Mangxiao;螃蟹;Husuibu;Jiegumu;Honghua;Chishao;Tubiechong
P0763,陈烂麻根;羊耳朵;Luanfa
P0764,Maqianzi;Jiqiao;Caowu
P0765,Chuangong;Liuxi;Caowu;Xiangfu;Honghua;Chenpi;Xuduan;Mahuang;Sangzhi;Xixin;Fangfeng;Qianghuo;Wujiapi;山药;Baizhi;清风藤;Yuanzhi;Taoren;Bailian;Heshouwu;Tianma;Shudihuang;Danggui;Duzhong;桃枝;Qilinxian;Lianqiao;Chuanshanjia;Wuyao;Cangshu;Chishao;Duhuo;槐枝;Jingjie;Wugong;榆枝;Jiangcan;Kushen;金Yinhua;Liuzhi;大风子;Dahuang;Wuchuan
P0766,Danggui;Duhuo;Qingjiu;Cangshu;Baizhi;Duzhong;Qianghuo;Wuchuan;Ganjiang;Liangjiang;Jingjie;Fangfeng;Caowu;Chuangong;Xuanshen;Shengdihuang;Gancao;Mahuang;Chuanshanjia
P0767,Wuchuan;Caowu;Kushen;Zaojiao;Dahuang;Danggui;Baizhi;Chishao;Lianqiao;Baiji;Bailian;Mubiezi;Wuyao;Rougui;Wulinzhi;Chuanshanjia;Liangtoujian;Qianghuo;透骨草;槐枝;桃枝;Sangzhi;Liuzhi;Xiangyou;Qiandan;Ruxiang;Moyao;Shexiang;苏合香
P0768,Dahuang;Wuchuan;Zhizi;Chaihu;Shengdihuang;Qilinxian;薄荷;Baishao;Mutong;Wuyao;Zexie;Danggui;Sangbaipi;Jiqiao;Heshouwu;Chenpi;Xiangfu;Qingpi;Baizhi;知母;Duzhong;Huangbai;Gancao;Xixin;Yinhua;Huangqin;Jili;Kuxinren;Huanglian;Taoren;Xuanshen;Baishu;Fangfeng;猪苓;Jiangcan;Jiegen;Shengma;白鲜皮;Mahuang;山药;Yuanzhi;Liuxi;藁本;Liangjiang;Beimu;Xuduan;Quanxie;坤草;文蛤;Duhuo;Tianma;Liuzhi;Chuanshanjia;Cangshu;Jingjie;Kushen;芫花;Wugong;大风子;Canger子;Liangtoujian;茵陈;Wujiapi;槐枝;榆枝;Qingjiu
P0769,Chuangong;Baizhi;Shengdihuang;Shudihuang;Danggui;Baishu;Cangshu;Chenpi;Xiangfu;Jiqiao;Wuyao;Banxia;Qingpi;Xixin;知母;Beimu;Kuxinren;Sangbaipi;Huanglian;Huangqin;Huangbai;Zhizi;Dahuang;Chaihu;薄荷;Chishao;Mutong;Taoren;Xuanshen;猪苓;Zexie;Jiegen;Qianhu;Shengma;Mahuang;Liuxi;Duzhong;山药;Yuanzhi;Xuduan;Liangjiang;Heshouwu;Gancao;Lianqiao;藁本;茵陈;Diyu;Fangfeng;Jingjie;Qianghuo;Duhuo;金Yinhua;Jili;Kushen;Jiangcan;Tianma;Tiannanxin;Wuchuan;Caowu;Qilinxian;白鲜皮;Wujiapi;清风藤;Yimucao;Liangtoujian;Wubeizi;大风子;Badou;Chuanshanjia;芫花;Wugong;Canger子;桃枝;Liuzhi;榆枝;槐枝;Sangzhi;楝枝;楮枝;枫枝
P0770,生猪油;芸香;Zhangnao;Baiji;Ercha;Qinfen;Ruxiang;Moyao
P0771,Songxiang
P0772,Shihui;Xiejie;鸡子
P0773,Ruxiang;Moyao;Xiejie;Ercha;Longjiang;Qinfen;Dahuang;Shuiyin;Binpian;Zhangnao;Shexiang;麻油
P0774,Tianhuafen;Huangbai;Jianghuang;Dahuang;Baizhi;Houpu;Chenpi;Gancao;Cangshu;Tiannanxin
P0775,金雀花根;Shengdihuang;Honghua;Mudanpi;Yinhua;Wuchuan;Caowu;Wujiapi;Fangfeng;Jingjie;Taoren;Sumu;牛蒡子;Gansong;Danggui;Sanleng;Wushu;Chishao;Xuduan;Husuibu;Zhangnao;Goudan;Zirantong;Gutongqian;Songxiang
P0776,Danggui;Chuangong;Cangshu;Baizhi;Chishao;Mubiezi;Dahuang;Caowu;Xiangyou;Liqin;Songxiang;Ruxiang;Moyao
P0777,Songxiang
P0778,Baijiaoxiang;Dahuang;Huangqin;Qiandan;Quanxie;Banxia;Hugu;Fangfeng;Danggui;Duhuo;Chuanshanjia;Ruxiang;Chuangong;Muxiang;Minfan;Bailian;Jianghuang;Mubiezi;Longjiang;Baiji;Xiejie;Moyao;Baizhi;Huangbai;Wulinzhi;Shaoyao;蓖麻子;Zhizi;Huanglian;Qianghuo;Xiangyou
P0779,Songxiang;Liangjiang;Ruxiang;Mubiezi;Wuchuan;小油;Kuxinren
P0780,Danggui;Baizhi;Kuxinren;Xuanshen;Zaojiao;Caowu;连须叶葱;滴青;Baijiaoxiang;Ruxiang;Moyao;黄La;Luanfa
P0781,Danggui;Chuangong;Cangshu;Baizhi;Chishao;Mubiezi;Dahuang;Caowu;Xiangyou;Liqin;Songxiang;Ruxiang;Moyao
P0782,Liqin;Qilinxian;蓖麻子;黄La;Mubiezi;Moyao;Ruxiang;小油
P0783,Dahuang;Beimu;Caowu;Digupi;Huangqin;Huangbai;Huanglian;Tianhuafen;Xiaoji;Daji;Chilian;Bailian;马鞭草;Qilinxian;Baiji;Chishao;Rougui;Xuanshen;Xixin;Danggui;Chuangong;Baishao;Liujilu;Mudanpi;Sumu;Honghua;Fengfang;Xieyutan;Mabo;Liangjiang;Xuduan;Sangjisheng;Mubiezi;Wumingyi;Taoren;Lianqiao;金Yinhua;Wushaoshe;Jinmaogouji;象皮;Qianghuo;Duhuo;Yinyanghuo;Qingpi;Wujiapi;Dilong;蛇蜕;Wugong;Baizhi;Fangfeng;Huangqi;Jianghuang;Chuanshanjia;虾蟆;血见愁;Jiangcan;Banxia;Guijia;Wuyao;Zaojiao刺;Tianma;Diyu;Aiye;Kushen;Tiannanxin;Zaojia;Gansong;Shannai;藁本;Husuibu;Quanxie;Mahuang;蝉蜕;Wubeizi;清风藤;Heshouwu;白鲜皮;Mutong;Baihe
P0784,Shengdihuang;Chishao;Danggui;Shinanteng;Baizhi;Husuibu;Wulinzhi;Rougui;Shangui皮;Jingjie;Jiegen;Wuchuan;Caowu;Xiongheidou
P0785,Wuchuan;Fangji;Shannai;透骨草;Yanhusuo;Ganjiang;辣椒;Chansu;Zhangnao;薄荷脑;Binpian;冬青
P0786,Maqianzi;Mahuang;Ruxiang
P0787,Caowu;Wuchuan;Xixin;Naoyanghua;Cangshu;Shengdihuang;Baizhi;Aiye;Shexiang
P0788,Liuhuang;Xionghuang;Rougui;Zhusha;Wuchuan;Caowu;Shexiang;Quanxie;Wugong
P0789,Shihui;Jiucai
P0790,Mituoseng;Qiandan;Zirantong;黄La;猪油;Ruxiang;Moyao;Songxiang;麻油
P0791,Mangxiao;Xionghuang;Shexiang
P0792,Danggui;Sanleng;Wushu;Duhuo;Baizhi;Chuangong;Qianghuo;Honghua;Chuanliuxi;Fangfeng;Rougui;Duzhong;Xuduan;;Fangji;Wujiapi;Husuibu;Chishao;Liujilu;Qingjiu;Congbai;Tubiechong;Xieyutan;Longjiang;Ruxiang;Moyao;Xiejie;Shexiang
P0793,Sangzhi;槐枝;榆枝;Liuzhi;桃枝;枸杞枝
P0794,Gougu
P0795,Wuchuan;Caowu;Tiannanxin;Banxia;Huajiao
P0796,Longjiang;Baizhi;Qiandan;软石膏;Xiejie;Ruxiang;Moyao;Zhangnao
P0797,Danggui;Wuchuan;Baiji;Fangfeng;Mubiezi;Shengdihuang;Lianqiao;Caowu;Rougui;Wuyao;Baizhi;Zaojiao刺;Dahuang;Chishao;Xieyutan;Bailian;Moyao;槐枝;Liuzhi;Sangzhi;枣枝;桃枝
P0798,凤仙花;Zhizi;Xixin;Honghua;Duhuo;Danggui;Ruxiang;Moyao;Qianghuo;Sumu;Zhangnao;Gancao;Gongdingxiang;Xieyutan;石膏;Shannai;红粘谷子;Xiejie
P0799,蓖麻子;Caowu;Ruxiang
P0800,Dingxiang;Shexiang;野驼脂;Layuezhuzhi;Qianghuo;Chuangong;Mubiezi;Fangfeng;Tianhuafen;Fuzi;Xixin;Liuxi
P0801,Muli;Baifan;Qiandan;Nifen;Xionghuang;雌黄;Shexiang;Xiejie
P0802,Mubiezi
P0803,Mubiezi;大鲫鱼
P0804,Mubiezi;Rougui;芸苔子;Dingxiang
P0805,Muxiang;Binlang;Danggui
P0806,Muxiang;Wuchuan;Digupi;Qianghuo;Gancao;Baizhi;Bajiaohuixiang;Tiannanxin;蓖麻子;Rougui;Badou;Xixin;Dahuang;Jingjie;Huanglian;Fangfeng;Kushen;Shengjiang;生葱
P0807,Baifengxian;紫Dingxiang根;Danggui;Zirantong;Xiejie;Moyao;Chuangong;Chishao;Gutongqian;Honghua;Chuanliuxi;Wujiapi;石菖蒲;Cangshu;Muxiang;Qingjiu;Shechuangzi;Fuzi;Rougui;Banxia;Shihu;Pixie;Lujiao;Hugu;Shexiang
P0808,Qianghuo;Mahuang;Danggui;Gongdingxiang;Duhuo;Fuzi;Cangshu;Caowu;Shengma;Honghua;Banxia;Wuchuan;Baizhi;姜皮;Shengdihuang;菖蒲
P0809,Shengdihuang;Muxiang
P0810,Huangyaozi;Mangxiao
P0811,Qilinxian;Jingjie;Fangfeng;Muxiang;Danggui;Wuyao;Mugua;Shengdihuang;Honghua;Xuduan
P0812,Chuanshanjia;Dingpi;Danggui;Baicaoshuang;枇杷叶
P0813,Niuhuang;Xionghuang;Ruxiang;Moyao;Dingxiang;Shexiang;Mangxiao
P0814,Guangdongyangpijinzhi
P0815,平胃散
P0816,Xiejie;藁本;Huixiang;Ruxiang;Moyao;Qinfen;Qiandan;黄La;麻油
P0817,Huoxiang;Baizhi;Danggui;Beimu;大风子;Muxiang;Bailian;Wuyao;Shengdihuang;Laifuzi;Dingxiang;Baiji;Jiangcan;Xixin;蓖麻子;Tanxiang;Qingjiu;Fengfang;Fangfeng;Wujiapi;Kushen;Rougui;蝉蜕;Dingpi;白鲜皮;Qianghuo;Shengdihuang;Quanxie;Chishao;高Liangjiang;Xuanshen;Tiannanxin;鳖甲;Jingjie;Liangtoujian;Duhuo;Sumu;Jiqiao;Lianqiao;Qilinxian;Taoren;Liuxi;Honghua;Xuduan;花百头;Kuxinren;Cangshu;Aiye;藁本;Husuibu;Chuangong;Huangqin;Mahuang;Gancao;Zhizi;Wuchuan;Zaojia;Banxia;Caowu;Zijinpi;清风藤;Dahuang;Wugong;蛇蜕;槐枝;桃枝;Liuzhi;Sangzhi;楝枝;榆枝;楮枝;Xieyutan;麻油;Songxiang;Baicaoshuang
P0818,Wuchuan;Caowu;Shengdihuang;Danggui;Gansong;Zijinpi;Xixin
P0819,Danggui;Mubiezi;知母;Wubeizi;Xixin;Baizhi;槐枝;Liuzhi;Xiejie;Ruxiang;Moyao;Qinfen;Xionghuang;Shexiang;Songxiang;Liqin
P0820,Songxiang;Congbai;Shengjiang;烧Jiu;米醋
P0821,Xiejie;Huangbai;Gancao;Baizhi;Bailian;Baiji;Danggui;Mituoseng
P0822,Xiejie;Qiandan;Bailian;Baiji;葛布
P0823,Danggui;Jianghuang;Zijinpi;Xixin;Dahuang;Wuchuan;Zaojiao;Rougui;透骨草;Dingxiang;Baizhi;Honghua
P0824,Huanglian;Binlang
P0825,Dahuang;芙蓉叶;Huangqin;Huangbai;Huafen;滑石;Qiandan
P0826,Canger子;Zhangmuzi;樟木皮;Fangfeng;薄荷;Huangbai;Cangshu
P0827,Liangjiang;Wuzhuyu;Jinmaogouji;Mubiezi;Baijiaoxiang;Guijia;Liuxi;Danggui
P0828,Tianhuafen;Huangbai;Jianghuang;Baizhi;Chenpi;Gancao;Cangshu;Tiannanxin;Houpu;石菖蒲;Yujin;Banxia
P0829,Tianhuafen;Huangbai;Dahuang;Jianghuang;Baizhi;Houpu;Chenpi;Gancao;Cangshu;Tiannanxin
P0830,Ruxiang;Moyao;滑石;Binpian
P0831,Ruxiang;Songxiang;Fengxiang;Wubeizi;Gougu;锅底墨;Xiaomai
P0832,青娘子;Hongliangzi;蓖麻子;Danggui;Baizhi;Zhizi;Ruxiang;Songxiang;Xiangyou
P0833,Ruxiang;Liqin;黄La;Baijiaoxiang;Kuxinren
P0834,Huaruishi;试剑草;Ruxiang;新瓦末
P0835,Ruxiang;Moyao;Xiejie;阿魏;Shexiang;Dahuang;Huanglian;Huangbai;Fangfeng;Jingjie;Shaoyao;Baizhi;Xuanshen;Danggui;Lianqiao;Badou;Sumu;大风子;Mubiezi;Chuanshanjia;Qiandan;槐枝;桃枝;Liuzhi;Qingmayou
P0836,Danggui;Chishao
P0837,Zhusha;Shexiang;Dingxiang;Wumei;Wuchuan;Caowu;Danggui;Shannai;Ruxiang;Zaojiao
P0838,黄荆;Zijinpi;Danggui;Wujiapi;Mugua;Danshen;Qianghuo;Chishao;Baizhi;Jianghuang;Duhuo;Gancao;Qingjiu;Tianhuafen;Liuxi;Chuangong;Lianqiao;Qilinxian;木Fangji;Fangfeng;Maqianzi
P0839,罗裙带叶;Shanmu;槐枝
P0840,耳草叶;Zelan
P0841,Shengjiang;Congbai;韭白;大蒜;凤仙花;Sangzhi;槐枝;Liuzhi;桃枝;Cebai;Aiye;白芥子;Huajiao;Ganjiang;炮姜;Baifuzi;Fuzi;Wuchuan;Caowu;Dahuang;Cangshu;Gansui;Tiannanxin;Banxia;Chuangong;Danggui;Mahuang;Tianma;Jingjie;Fangfeng;Zisu;Xixin;Gancao;Qianghuo;Duhuo;Xiewei;Chenpi;Chishao;Baizhi;Zijinpi;石菖蒲;Qilinxian;蓖麻子;Mubiezi;Ruxiang;Moyao;Husuibu;Xuduan;Rougui;Muxiang;Yanhusuo;Wulinzhi;Baiji;Bailian;Jiangcan;Zaojiao;Chuanshanjia;Taoren;Honghua;Zirantong;蛇蜕;露Fengfang;Dilong;Duzhong;Xiangfu;Mugua;Wujiapi;Xionghuang;Minfan;Sumu;Yuanzhi;Wuyao;Liuxi;Shechuangzi;Qingjiu;Houpu;Cansha;发团;Qiandan;Songxiang;赤Shizhi;Mituoseng;Shihui;Lujiao;苏合香;Zhangnao
P0842,Fuzi;Baifuzi;Tiannanxin;Banxia;Wuchuan;Caowu;Mahuang;Dahuang;Qianghuo;Cangshu;Chuangong;Danggui;Jianghuang;Xixin;Fangfeng;Gansui;Yanhusuo;Qilinxian;Wuyao;Duhuo;Wulinzhi;Qianniuzi;Jingjie;Sanleng;Wushu;藁本;Chishao;Baishao;Zisu;Xiangfu;Baizhi;Qingpi;Chenpi;Tianma;Qingjiu;Zhishi;Houpu;Binlang;Yuanzhi;Yizhiren;Duzhong;Liuxi;Xuduan;Zijinpi;Rougui;Wujiapi;Mugua;Wuzhuyu;Shechuangzi;Buguzhi;Bajiaohuixiang;Baji天;Huluba;Badou;Kuxinren;Taoren;Sumu;Honghua;草果;Liangjiang;Zaojiao;Husuibu;Zirantong;Liujilu;马鞭草;Daji;商陆;芫花;Fangji;Gancao;Mubiezi;蓖麻子;Chuanshanjia;Fengfang;Quanxie;蛇蜕;荜茇;Gansong;Shannai;Huanglian;Huangbai;发团;Cansha;Dilong;Shengjiang;Congbai;韭白;大蒜;Sangzhi;Canger子;凤仙花;槐枝;Liuzhi;桃枝;Ganjiang;Aiye;Cebai;炮姜;石菖蒲;Hujiao;Huajiao;白芥子
P0843,Mubiezi;Honghua;Banxia;Husuibu;Gancao;Congbai
P0844,皂矾
P0845,Shanyangxie;Sanqi;黑糖;Tongbian;Jiu
P0846,光粉;商陆;Xuduan;Danggui;Chishao;Baishao;Liuzhi;Zhizi;Chuangong
P0847,Qiandan;Moyao;Ruxiang;Bailian;Mubiezi;Baiji;Danggui;Rougui;Kuxinren;Baizhi;Xiejie;槐枝;Liuzhi;麻油
P0848,Sanqi;Shengdihuang;钻地风;Rougui;Duhuo;Yujin;千年健;Liuxi;Muxiang;Qingjiu;Hugu;Jianghuang;Jinmaogouji;透骨草;Honghua;Dingxiang;Digupi;Zirantong;Liujilu;Yanhusuo;Danggui;Wuchuan;Taoren;Sangbaipi;Wujiapi;寻骨风;Songjie;Caowu;Jiegen;Ruxiang;Moyao;Sharen
P0849,Baizhi;薄荷脑;徐长卿;金果榄;Wushu;Shengdihuang;颠茄
P0850,Husuibu;Wuchuan;Caowu;Shannai;老鹳草;Maqianzi;Baizhi;Ganjiang;Rougui;Jingjie;Wujiapi;Ruxiang;Moyao;Luodeda打;Fangfeng;颠茄;冬青;Zhangnao;薄荷脑;芸香膏;Binpian
P0851,伤湿止痛流浸膏;水杨酸甲酯;薄荷脑;Binpian;Zhangnao;芸香;颠茄
P0852,Ruxiang;Moyao;Xiejie;Qianghuo;Duhuo;Xuduan;甲珠;Xiangfu;Mugua;Chuangong;Zirantong;Wuchuan;Caowu;Tiannanxin;Jingjie;Baizhi;Zelan;Xiaohuixiang;Rougui;Shexiang
P0853,韶粉;银朱;Zhangnao;青盐;Songxiang;Longjiang;Hugu;白Dingxiang;Dilong;Chuanshanjia;Quanxie;Ruxiang;Moyao;Xiejie;脑子;Qinfen;Shexiang;Hafen
P0854,Maqianzi;透骨草;Chuanshanjia;Fangji;Ruxiang;Moyao;Shengjiang;王不留行;Xixin;Wujiapi;豨莶草;Duhuo;Caowu;Wubeizi;Rougui;Zhishi;牛蒡子;Xieyutan;Dilong;Hongliangzi;Quanxie;Qilinxian;Dahuang;Zelan;丝瓜络;Mahuang;Tubiechong;Fangfeng;Danggui;功劳叶;Wugong
P0855,唐魏;Shexiang;Gancao;Wuchuan;Caowu;Gansong;Shannai;Xionghuang;Zhusha;桐油;Hujiao;Mituoseng
P0856,Wuchuan;Caowu;Baizhi;Chishao;芙蓉叶;枇杷叶
P0857,Ruxiang;Moyao;Dahuang;Rougui;Mubiezi;阿魏;Baizhi;Xieyutan;Mahuang;Danggui;Qianghuo;Xuanshen;Chishao;Shengdihuang;Qinfen;Qiandan;桃枝;Liuzhi;槐枝;Sangzhi;枣枝
P0858,Caowu;Chuangong;Dahuang;Danggui;Chishao;Baizhi;Lianqiao;Baiji;Bailian;Wuyao;Rougui;Mubiezi;杨;Liuzhi;桃枝;桑;大枣
P0859,乌鱼骨;莴苣菜;青蓟草;Shihui
P0860,Shengdihuang;糟姜瓜槽;Shengjiang;Chixiaodou
P0861,Jiangcan;Qingpi;Duhuo;Fuzi;Fangfeng;Caowu;Heshouwu;白鲜皮;Qingjiu;Chuanshanjia;Banxia;Wuchuan;清风藤;Maqianzi;Taoren;Hugu;Tianma;Danggui;Liangjiang;Qilinxian;Shengjiang;Jiucai;大蒜;青葱
P0862,Huangbai;Fangfeng;Xuanshen;Chishao;Baizhi;Shengdihuang;Dahuang;Xiejie;Danggui;Rougui;槐枝;Liuzhi;桃枝
P0863,槐枝;Liuzhi;桃枝;榆;桑;枸杞;Baizhi;Baiji;Bailian;Danggui;Dahuang;Huangbai;Chishao;Kuxinren;蓖麻子;Xiejie;Xionghuang;Ruxiang;Moyao;Qinfen
P0864,Songxiang;Ruxiang;Moyao;Ercha;Xiejie;阿魏;洋樟;Longjiang;Qinfen;黄占;白占;Jiangxiang
P0865,Qingmayou;Qiandan;Danggui;Baiji;Qianniuzi;Mubiezi;Duhuo;Chuanliuxi;Chuanjianzi;清风藤;Zaojia;松枝;桃枝;槐枝;Liuzhi;石榴枝
P0866,头醋;Zaojia;芫花;Baifan
P0867,桂花;苏合香;Mubiezi;Ruxiang;Moyao;Baiji;Bailian;Danggui;Kuxinren;Rougui;Qiandan;Xiangyou;槐枝
P0868,Niupijiao;Shengjiang;Rougui
P0869,Gualou;Linlinxiang;Huoxiang;Shaoyao;Gancao;Huangqi;Kuxinren;Baizhi;Longnao;Shexiang;黄La;Qingmayou
P0870,Tanxiang;Danshen;Fulin;Jiangxiang;Yuanzhi;Hupo;Xiejie
P0871,诃子;Longjiang;高茶
P0872,Ruxiang;Moyao;Xiejie;Xionghuang;Puhuang;梧子;赤Shizhi;Baizhi;Mangxiao;寒水石;Mituoseng;Longjiang;Qinfen;Huaruishi;Chuanshanjia;螃蟹;Mangxiao;Chansu;Zhusha;Wuyao
P0873,Danggui;Huangqi;Shancigu;Baizhi;Gancao;Xieyutan;Tianma;Duhuo;Chuanshanjia;露Fengfang;Wubeizi;Tianhuafen;Jingjie;Bailian;Rougui;金Yinhua;Baishao;牛蒡子
P0874,鲈鱼;砂糖
P0875,Caowu;Baizhi;Chishao;Baiji;秋叶;枇杷叶;Jiucai
P0876,Shexiang;Xiejie;Shihui;海螵蛸;Zirantong;Ruxiang;Moyao;Huaruishi;Binpian;Zhangnao;Tugou;地虱;Tubiechong;Renshen;象皮;Hupo;Ercha;紫石英;Sanqi;木耳;Gancao
P0877,Aiye;Danggui;Baizhi;Liuxi;Huangqi;Mubiezi;Zaojia;蓖麻子;Fangfeng;Sangbaipi;Jiangcan;Xuduan;Yanhusuo;Rougui;Huanglian;Jiangxiang;Duhuo;Chishao;Chuangong;Xixin;Tiannanxin;Badou;Jiegen;Wushu;Mudanpi;白鲜皮;狗脊;Tianma;Manjinzi;Jiegumu;Shechuangzi;Muxiang;Qilinxian;Baiji;Bailian;Duzhong;Husuibu;Qianghuo;Pixie;Buguzhi;Liulu;Haitongpi;Wujiapi;Yiniren;Jingjie;槐枝;桃枝;Jiangxiang;Wulinzhi;Zirantong;Wumingyi;Xionghuang;Ruxiang;Moyao;Qiandan;Quanxie;Xiejie;Hupo;Shexiang;露Fengfang;Hugu;Chuanshanjia;Guijia
P0878,Wubeizi;Baifan
P0879,老材香;象皮;Xiejie;Tiannanxin;藏Honghua;Fangfeng;Baizhi;Maqianzi;海螵蛸;Shengma;Ruxiang;Moyao;雄土元;Longjiang;Danggui;石菖蒲;蟹骨;Shexiang
P0880,Dahuang;Danggui;Taoren;鳖甲;Banxia;Mahuang;Zaojia;Xixin;Wuyao;Chishao;Chuanshanjia;Caowu;Daji;Baizhi;Rougui;Beimu;Tianhuafen;Fangji;金Yinhua;Badou;蓖麻子;Huangqi;Fangfeng;Jingjie;Baifuzi;Liuxi;Qianghuo;Duhuo;Liangjiang;Honghua;牛蒡子;Sumu;Lianqiao;Baiji;Bailian;Tianma;Gancao;海风藤;Huanglian;Huangbai;Huangqin;Chaihu;千金子;Quanxie;Jiangcan;Fengfang;Xuanshen;Kushen;Fahui;刺猬皮;Wugong;蛇蜕;桃枝
P0881,Shihui;韭叶
P0882,石榴花;Shihui
P0883,大萝卜
P0884,Banxia
P0885,Hugu;Fangfeng;Honghua;Mugua;老鹳草;Liuxi;Husuibu;清风藤;海风藤;功劳叶;Danggui;Mahuang
P0886,Chishao;Honghua;Tiannanxin;Puhuang;旋覆花;Sumu;Caowu;Wuchuan;Qianghuo;Duhuo;Banxia;Zhizi;Dahuang;Mugua;路路通;饴糖
P0887,伸筋草;Haitongpi;Qingjiu;Duhuo;Danggui;钩藤;Ruxiang;Moyao;Honghua
P0888,Chuangong;Xixin;Jiangcan;Chishao;Yuanzhi;Shudihuang;Kushen;赤Shizhi;Liuzhi;Gancao;Lianqiao;Diyu;Chuanshanjia;Zhizi;Jingjie;Fangfeng;槐枝;Wuyao;Mutong;榆枝;桃枝;Chenpi;Tianma;Chuanjianzi;Liuxi;Xuduan;Caowu;大风子;Heshouwu;Danggui;苦楝皮;Dahuang;Duzhong;Sangzhi;Qianghuo;Mahuang;Shengdihuang;Canger子;Baizhi;Jiqiao;Cangshu;Jili;Wujiapi;藁本;Wuchuan;Bailian;Qilinxian;Duhuo;清风藤;海风藤;地风;Wushaoshe;千年健;Sangjisheng;寻骨风;老鹳草;Songjie;透骨草;Jianghuang;Husuibu;Xiaohuixiang;Mugua;Haitongpi;Bajiaohuixiang;Wugong
P0889,Sanqi;Sanleng;Honghua;Caowu;Wuchuan;Danggui;Zhangnao;Wujiapi;Mugua;Liuxi
P0890,Dahuang;薄荷;Huangbai;Zelan;Cebai
P0891,脆蛇;Chishao;Qianghuo;Moyao;象皮;Baizhi;Fangfeng;Jingjie;Huangqin;Wushaoshe;Zhizi;金Yinhua;赤Shizhi;Duhuo;Lianqiao;Jiangcan;Quanxie;蝉蜕;斑猫;Chuanshanjia;Ruxiang;Ercha;Wugong;Xieyutan;Qiandan
P0892,麻油;象皮;Honghua;蓖麻子;Gutongqian;蟢蛛;Xieyutan;红丹
P0893,Rendong;蒴藋;Jiegumu;Aiye;石菖蒲;莲叶;折伤木;食盐
P0894,Tiannanxin;Banxia;Wuchuan;Caowu;野芋头
P0895,Tiannanxin;Baifuzi;Caowu;Wuchuan
P0896,Qiandan;Songxiang;Banxia;石膏;石膏
P0897,Songxiang;葱连根叶
P0898,猪肉;Congbai;Songxiang
P0899,Wuchuan;Caowu;Tiannanxin;Banxia;Xixin;Danggui;黄金子;Zijinpi;Shengdihuang;Honghua;Mudanpi;Luodeda打;白芥子;Sumu;Taoren;Shengdihuang;Jiangcan;Qingpi;Gansong;Mugua;Shannai;Dilong;Ruxiang;Moyao;Qianghuo;Duhuo;Chuangong;Baizhi;Cangshu;Mubiezi;Chuanshanjia;Xuduan;Zhizi;Tubiechong;Husuibu;赤Shizhi
P0900,Danggui;Shengdihuang;Baiyangpi;Xiangfu;Honghua;Sangjisheng;Liuxi;合欢皮;Chuangong;Caowu;Qiancao;Xuduan;Liujilu;Diyu;Mugua;Xiaoji;Wuchuan;Sumu;Husuibu;Wuyao;Qianghuo;Zelan
P0901,Wuchuan;Caowu;Huanglian;Huangbai;Chishao;Baishao;Yanhusuo;Danggui;Liangjiang;Mubiezi;Jiangcan;Luanfa;Zijinpi;Dilong;Shinanteng;Chuanshanjia;Baizhi;Chuangong;Qianniuzi;槐花;Wubeizi;Digupi;Kuxinren;Huajiao;Huixiang;茅香;Xuanshen;Canger;Rougui;Tiannanxin;Gualou;Kushen;Cangshu;Wujiapi;Fangfeng;Shudihuang;Mituoseng;Dingxiang;内消;藁本;Shengdihuang;Heshouwu;Xixin;江子;蓖麻子;旱莲草;Renshen;百药煎;Huangqi;Qianghuo;Gancao;Wulinzhi;地Wugong根;Duhuo;Muxiang;Anxixiang;Hupo;云香;Ruxiang;Moyao;Xiejie;香结;韶粉;Zirantong;Sangbaipi;Baiji;Bailian;Xionghuang;Qiandan
P0902,Qianghuo;Jiangcan;Caowu;Duhuo;Wuchuan;Mahuang;Shengdihuang;Wuyao;Fangfeng;Danggui;Liangjiang;Jingjie;小枫藤;Naoyanghua
P0903,Shengdihuang;桃枝;Liujilu;枯桐皮;Shengjiang;左缠藤;国丹
P0904,Danggui;Qianghuo;Honghua;Baizhi;Fangfeng;Ruxiang;Moyao;Husuibu;Xuduan;Mugua;透骨草;Huajiao
P0905,Tiannanxin;Xionghuang;Wutou
P0906,Tiannanxin;Huangbai
P0907,雄猪油;Songxiang;黄La;面粉;Zhangnao;Shexiang;Binpian;Xiejie;Ercha;Ruxiang;Moyao
P0908,Guijia;Dahuang;Mubiezi;Danggui;Shengdihuang
P0909,Jiangcan;Chixiaodou;Chuanliuxi;Shangui;Jiegen;Baicaoshuang;Baiji;枇杷叶;Husuibu;Danggui;Xixin;Baizhi;Tiannanxin;Chishao;Heshouwu;Bailian;知母;Caowu
P0910,芙蓉叶;薄荷;耳草叶;Zelan;金桐叶;Liuxi;Dahuang
P0911,官粉;Mituoseng;Xiangyou
P0912,Husuibu;Xiejie;Mangxiao;Danggui;Ruxiang;Moyao;Xuduan;Zirantong;Dahuang;Tubiechong
P0913,麻油;鸡蛋黄;Xieyutan;Zhusha;银朱;黄La
P0914,Dahuang;扁柏;Zhizi;Taoren;Zelan;Fangfeng;薄荷;Huangqin;Husuibu;Danggui;Caowu;Wuchuan;Tiannanxin;Banxia;毛Shexiang;千打捶;血见愁;透骨消;田基黄;入地金牛
P0915,Wuchuan;Caowu;Danggui;蛤蟆;Badou;Baiji;Dahuang;Xieyutan;Lianqiao;Fengfang;Bailian;Chuanshanjia;Jili;Mubiezi;Heshouwu;槐枝;Liuzhi;Sangzhi;榆枝;楮枝;桃枝
P0916,Huanglian;Huangbai;Huangqin;Baiji;Bailian;Longjiang;Danggui;Houpu;Chuangong;Moyao;槐枝;Liuzhi;Zaojiao;鳖甲;Kushen;Baizhi;Mubiezi;Caowu;海螵蛸;Ruxiang;Qiandan
P0917,Qianghuo;Fangfeng;Qingjiu;Cangshu;Duhuo;Baizhi;Pixie;Rougui;大麻;Wuchuan;Caowu;Ganjiang;Danggui;Mugua;Chuangong;Liuxi;Fangji;豨莶草;海风藤;Banxia;Qianhu;枸杞;Tiannanxin;Hugu;Baiqiegen;Mahuang;Canger子;高Liangjiang;Cansha;Qilinxian;Wujiapi;Yanhusuo;Xuduan;Honghua;Taoren;Sumu;Jiqiao;Mudanpi;Husuibu;Wuyao;Naoyanghua;绵子
P0918,鹳筋草;透骨草;紫Dingxiang根;Danggui;Zirantong;Xiejie;Xiejie;Moyao;Chuangong;Chishao;Honghua;Chuanliuxi;Wujiapi;石菖蒲;Cangshu;Cangshu;Muxiang;Qingjiu;Shechuangzi;Rougui;Fuzi;Banxia;Shihu;Pixie;Lurong;Hugu;Shexiang
P0919,Mubiezi;蓖麻子;Qilinxian;Danggui;Chuangong;Chishao;Fangfeng;Jingjie;Qianghuo;Duhuo;Shengdihuang;Baizhi;Huangqin;Huanglian;Huangbai;Jianghuang;蛇蜕;麻油
P0920,Shengdihuang;Cangshu;Jiqiao;Wujiapi;Wushu;Taoren;Shannai;Danggui;Wuchuan;Chenpi;Wuyao;Sanleng;Dahuang;Heshouwu;Caowu;Chaihu;Fangfeng;Liujilu;Zaojia;Chuangong;Rougui;Qianghuo;Qilinxian;Chishao;Tiannanxin;Xiangfu;Jingjie;Baizhi;海风藤;藁本;Xuduan;高Liangjiang;Duhuo;Mahuang;Gansong;Lianqiao
P0921,Songxiang;蓖麻子;Badou;康青;Kuxinren;胆矾
P0922,Baizhi;Xuanshen;Mubiezi;Rougui;Dahuang;Xieyutan;Danggui;Chishao;Shengdihuang
P0923,Fuzi;Honghua;Xieyutan;Wushu;Shengdihuang;Qianghuo;Duhuo;Jiangcan;Qingjiu;Mahuang;Danggui;Wuchuan;Fangfeng;Qilinxian;Caowu;Dahuang;Chishao;Zhizi;Taoren;Sanleng;Baizhi;全虫;Wujiapi;Liangjiang;Shengdihuang;Xiangfu;Wuyao
P0924,Shengdihuang;Duhuo;Xuanshen;Mubiezi;Danggui;Honghua;Shengma;Jiucaizi;Caowu;Tanxiang;Liuxi;Hugu;Jingjie;Sumu;Qianghuo;Mahuang;Qingpi;Xuduan;Wuchuan;Duzhong;Shudihuang;Fangfeng;Chishao;Qingjiu;Xiangfu;Shengdihuang;Songjie;Wuyao;Taoren;Puhuang;Buguzhi;Qilinxian;Liujilu;Husuibu;Yanhusuo;Wulinzhi;Mudanpi;Xieyutan
P0925,蓖麻子;Gansui;Danggui;Dahuang;京Sanleng;Shengdihuang;Mubiezi;Wuchuan;Wushu;Caowu;Qianghuo;Baizhi;Hongdaji;Huangbai;江子肉;Rougui;Mahuang;Jiqiao;Houpu;Zaojia;Kuxinren;Fangfeng;Quanxie;Xuanshen;Huafen;Xiangfu;芫花;Taoren;Binlang;Xixin;Chuanshanjia;Huanglian;蛇蜕;Wugong;Wubeizi;Mituoseng
P0926,Chuangong;Baizhi;Shengdihuang;Shudihuang;Danggui;Baishu;Cangshu;Chenpi;Xiangfu;Jiqiao;Wuyao;Banxia;Qingpi;Xixin;知母;Beimu;Kuxinren;Huanglian;Huangqin;Huangbai;Shengdihuang;Dahuang;Sangbaipi;Chaihu;薄荷;Chishao;Mutong;Taoren;Xuanshen;猪苓;Zexie;Jiegen;Qianhu;Shengma;Mahuang;Liuxi;Duzhong;山药;Yuanzhi;Xuduan;Liangjiang;Heshouwu;Gancao;Lianqiao;藁本;茵陈;Diyu;Fangfeng;Jingjie;Qianghuo;金Yinhua;Duhuo;Jili;Kushen;Jiangcan;Tianma;Tiannanxin;Wuchuan;Caowu;Qilinxian;白鲜皮;Wujiapi;Yimucao;Liangtoujian;Wubeizi;Baji天;Chuanshanjia;芫花;Fuzi;Rougui;Hugu;Lurong;Shengdihuang;Zhizi;Honghua;Mudanpi;Sanleng;Wushu;Muxiang;Quanxie;鳖甲;清风藤;Digupi;Ganjiang;Buguzhi;Wugong;Canger子;Liuzhi;槐枝;Sangzhi;楝枝;楮枝
P0927,Danggui;Chishao;Dahuang;Baiji;Bailian;Qianghuo;Wuyao;Mubiezi;Kushen;Lianqiao;Zaojiao;Shengdihuang;Fangfeng;Gancao;Shannai;Wulinzhi;Banxia;槐枝;Liuzhi;桃枝;枣枝;Sangzhi
P0928,Shengdihuang;Fuzi;Xiangfu;Wuyao;Wujiapi;Shengdihuang;Danggui;Fangfeng;Qianghuo;Duhuo;Qingjiu;天虫;Quanxie;Qilinxian;Wuchuan;Caowu;Baizhi;Liangjiang;Dahuang;Mahuang;Chishao;Wushu;Sanleng;Taoren;Honghua;六轴子;Xieyutan;麻油
P0929,Baiji;Mubiezi;蓖麻子;Bailian;Fangfeng;Danggui;Tianhuafen;大风子;Danggui;Rougui;Congbai;金Yinhua;九里花;Huangbai;Kushen;Lianqiao;Chishao;Shengdihuang;Jingjie;Wugong;Fengfang;鸡子;Heshouwu;Baizhi;Xiejie;蝉蜕;Chuanshanjia;槐柳;Ruxiang;Moyao;白Songxiang
P0930,Songxiang;Liqin;麻油
P0931,Liqin;Qilinxian;蓖麻子;Mubiezi;Ruxiang;Moyao;黄La;Shengjiang;麻油
P0932,Chishao;Danggui;Honghua;Huangqin;Lianqiao;Huangbai;Jiangcan;蝉蜕;Baizhi;Gancao;Luanfa;Dahuang;Yinhua;Wugong;Wuchuan;Caowu;Qianghuo;Cangshu;Xixin;Huajiao;Qingjiu;Ruxiang;Moyao;Husuibu;Heshouwu;Shechuangzi;Mubiezi;大风子;Tiannanxin;Banxia
P0933,Ruxiang;Moyao;Mahuang;Maqianzi
P0934,Xiangfu;Qianghuo;Duhuo;安桂;Tiannanxin;Xixin;Gancao;Wuchuan;Caowu;高Liangjiang;Gongdingxiang;急性子
P0935,Dahuang;Wubeizi;Huafen;Xiangfu;Mubiezi;蓉叶;蓖麻子;Yimucao;霜桑叶;Canger;Mangxiao;Xionghuang;Shihui;Baiji;Cangshu;Huangbai;Wuchuan;Caowu;Qianghuo;Duhuo;Tiannanxin;Banxia;Chuangong;Xixin;Chishao;Baizhi;Gansui;Daji;Shancigu
P0936,Baicaoshuang;Baiji;Bailian;Baihe;Baibu;Ruxiang;Moyao;Shexiang;Luomi;陈粉子
P0937,陈粉子;Wubeizi;Danggui
P0938,Danggui;Chishao;Rougui;Dahuang;Shengdihuang;Baizhi;Xuanshen
P0939,牛角;Xieyutan;青麻炭;Longjiang;Qiandan;陈粉子
P0940,Baijiangcan;Chixiaodou;Chuanliuxi;Rougui;Jiegen;Baiji;Baicaoshuang;山枇杷;Danggui;Husuibu;Xixin;Baizhi;Chishao;Tiannanxin;Heshouwu;Bailian;知母;Caowu
P0941,Chuanshanjia;Dingpi;Danggui;Baicaoshuang;枇杷叶
P0942,Baizhi;Banlangen;Kushen;Chuangong;Qiandan;Qingmayou
P0943,海螵蛸;旧船灰;Qiandan;Shexiang;麻油
P0944,Bailian;Baiji;Mubiezi;Baizhi;Rougui;Kuxinren;Danggui;Ruxiang;Moyao;桂花;苏合香;Qiandan;Xiangyou;槐枝;Liuzhi
P0945,杨梅皮;Lujiao;Shihui;Wumingyi
P0946,Baiji;Baizhi;Jiangcan;Bailian;Baishao;Tiannanxin;Chixiaodou
P0947,Danggui;Moyao;Wujiapi;Mangxiao;Qingpi;Huajiao;Xiangfu;Dingxiang;Shexiang;老葱;Digupi;Mudanpi
P0948,海螵蛸;Chuanbei;Xiejie;Ruxiang;Moyao
P0949,Jingjie;Danggui;生葱
P0950,Qianghuo;Duhuo;Zhizi;Rougui;Xuanshen;Dahuang;Danggui;Baizhi;Zaojiao;Baifuzi;Wubeizi;Chishao;Shengdihuang;Shudihuang;Fangfeng;Tianhuafen;Huanglian;Chuangong;Shancigu;Lianqiao;Hongdaji;Jiegen;Baiji;Bailian;Kushen;Chuanshanjia;Mubiezi;蓖麻子;Kuxinren;Badou;Xieyutan;Liuzhi;Sangzhi
P0951,Baizhi;Zijinpi;Duhuo;石菖蒲;Chishao;高Liangjiang;Wugong;刺猬皮;蛇蜕草;麻仁;鳖甲;Jiangcan;Gancao;海风藤;Lianqiao;Tianhuafen;Baiji;牛蒡子;Dahuang;Huanglian;Bailian;Danggui;千金子;Xieyutan;金Yinhua;Huangbai;Chuanshanjia;Fangji;Zaojia;Chaihu;Chuanbei;Taoren;Baifuzi;Badou;Tianma;Kushen;Jingjie;Honghua;Huangqi;Jiegen;Huangqin;Liuxi;Fangfeng;Quanxie;Mahuang;Caowu;Rougui;Wuyao;Qianghuo;Banxia;Daji;Sumu;桃枝;槐枝;Sangzhi;Liuzhi;
P0952,Shengdihuang;Muxiang
P0953,Shengdihuang;Husuibu;Puhuang;Danggui;白面;Chixiaodou;Baiji;败姜
P0954,猪扇骨;象皮
P0955,Wumingyi;木耳;Dahuang
P0956,Dahuang;Zhizi;Mugua;蒲公英;Jianghuang;Huangbai
P0957,Mugua;Zhizi;Dahuang;蒲公英;Tubiechong;Ruxiang;Moyao
P0958,Zijinpi;Ercha;Dahuang;木耳;Wumingyi
P0959,芙蓉叶;Zijinpi;Baizhi;Danggui;Husuibu;Duhuo;Heshouwu;Tiannanxin;Chenpi;Chishao;石菖蒲;Rougui
P0960,Danggui;Chishao;Shengdihuang;Yanhusuo;Xiejie;Ruxiang;Honghua;Dahuang;Jianghuang;鳖甲;茄瓜根;红曲;Chixiaodou
P0961,Ruxiang;Moyao;玉带草;四块瓦;冬青;虎杖;五香血藤;Tianhuafen;Gancao;叶下花;叶上花;蝼粉;Dahuang;Huangqin;五爪龙;Baiji;Honghua;Sumu;Longdancao;Huanglian;飞龙掌血;绿葡萄根;大红袍
P0962,Jianghuang;Qianghuo;Ganjiang;Zhizi;Ruxiang;Moyao
P0963,Caowu;Tiannanxin;Banxia;雪上一枝蒿;白花曼陀罗子;两面针;重楼;Xixin;Binpian
P0964,Muli;Hafen;Mubiezi
P0965,Fangfeng;Jingjie;Liujilu;Duhuo;Bajiaohuixiang;Minfan;Wubeizi;Kushen;Cebai;Danggui;Baizhi;Zelan;Xixin;金Yinhua;Canger
P0966,Cangshu;Gancao;Minfan;Kushen;Chishao;Qianghuo;Duhuo;Baizhi;Huoxiang;Cebai;Danggui;Rendong藤
P0967,Huangbai;Banxia;桂花
P0968,Sangbaipi;Baizhi;Chishao;Wuyao;左缠藤;Jingjie;橘叶;Huoxiang;桕叶根
P0969,Tiannanxin;Banxia;Naoyanghua;Wuchuan;Caowu
P0970,羊毛
P0971,Huangbai;杨梅皮;Hujiao
P0972,Banxia
P0973,Dahuang;赤Shizhi;石膏
P0974,Dahuang
P0975,Zijinpi;Shengdihuang
P0976,Danggui;Mubiezi;Zhizi;Zaojia;Baiji;Wuchuan;Caowu;Wuyao;Bailian;Lianqiao;Kushen;槐枝;Dahuang;Ruxiang;Moyao;Xiejie;Ercha;Xionghuang;Zhangnao;Shexiang;Congbai;Shengjiang;Xiangyou;广丹
P0977,Longjiang;Hugu;乌鱼骨;Chuanshanjia;Dilong;狗脊;Mubiezi;Liuxi;Wuchuan;Wutou;Caowu;Banxia;Wuzhuyu;山茱萸;石茱萸;Xixin;Shaoyao;Roucongrong;Huajiao;Ruxiang;Moyao;白芥子;Fangfeng;Zirantong;Chuanjianzi;Zaojiao
P0978,Ruxiang;红Xiejie;Moyao;白Ercha;Zhangnao;银朱;铜绿;Songxiang;蓖麻仁
P0979,Xiangyou;Bailian;Shengma;Danggui;Chuangong;Lianqiao;Yinhua;Chuanshanjia;Wuchuan;象皮;Ruxiang;Moyao;Qinfen;Binpian;Shexiang;白占
P0980,Huangqi;Danggui;Baishao;Baizhi;Chuangong;Huoxiang;Linlinxiang;白檀;Baifuzi;Baiji;Bailian;Gualou;Kuxinren;Longnao;Qingmayou
P0981,Baifuzi;Tianma;Tiannanxin;Baizhi;Fangfeng;Banxia;Binpian;Qianghuo
P0982,雄猪油;Songxiang;Qinfen;黄La;Zhangnao;Shexiang;Binpian;Moyao;Ruxiang;Xiejie;Ercha
P0983,芙蓉叶;Zelan;桑叶;薄荷;耳草叶
P0984,Danggui;Honghua;Shengdihuang;Chuangong;Shaoyao;Sumu;Qianghuo;Duhuo;Wushu;Fangfeng;Jingjie;野菊花;Husuibu;Zaojia;Kushen;Liuxi;Sanleng;Bailian;Chuanshanjia;Xuduan;蝉蜕;Quanxie;山豆根;Dilong;Gansong;Shannai;槐枝;Liuzhi;桃枝;榆枝;夏枯草;露Fengfang;白果;Tiannanxin;Banxia;Luanfa;乱丝;白花蛇;Sangbaipi;Lianqiao;金Yinhua;Chuanbei;Shancigu;Mubiezi;Gancao;Dahuang;Taoren;Kuxinren;Huanglian;Heshouwu;Wuweizi;Huangqi;合欢花;象皮;昆布;凤凰退;Fuzi;Huangqin;Shegan;Huangbai;Wuyao;Xuanshen;Wujiapi;Tianma;Renshen;大力子;Rougui;豨莶草;Xionghuang;银朱;Zhusha;Huaruishi;石膏;赤Shizhi;Zirantong;Yunmushi;Ruxiang;Longjiang;阿魏;Moyao;Xiejie;Ercha;Anxixiang;Zhenzhu;丹珠;Niuhuang;Shexiang;Binpian;Shedan;Chenxiang;Tanxiang;Dingxiang;Muxiang;Jiangxiang;Sanqi;苏合香;黄La;白La;苏合香;淘鹅油
P0985,Zhenzhu;象皮;Binpian;Ruxiang;Moyao;鸡内金;Longjiang;赤Shizhi;Xiejie;Qinfen;Qiandan;Zhusha
P0986,松针;Zhangnao;Zhizi;Qiandan;桐油
P0987,Tianhuafen;芙蓉叶;Zijinpi;Chishao;Tiannanxin;Duhuo;Danggui;Baizhi;Mudanpi
P0988,Caowu;Ganjiang;Wulinzhi;浮麦
P0989,Danggui;Qianghuo;Honghua;Baizhi;Ruxiang;Moyao;Husuibu;Xuduan;Fangfeng;Mugua;Huajiao;透骨草
P0990,Fangfeng;Jingjie;Danggui;Aiye;Mudanpi;鹤虱;Shengma;Kushen;透骨草;Chishao;Huajiao;Gancao
P0991,Shengdihuang;Fuzi;Ruxiang;Huajiao;Wuzhuyu;Baiji;Shengjiang
P0992,Tanxiang;陈矿灰;Fulin;蝉蜕;蛇蜕;Banxia;Zhenzhu;象皮
P0993,Xiejie;Moyao;Longjiang;灯心草;Sumu;Jiegen;Jiangxiang;Danggui;鸡;Honghua
P0994,Shihui;Xiejie;鸡子
P0995,Xiejie
P0996,米粉;Ruxiang;Moyao
P0997,Caowu;Fangfeng;藁本;Dahuang;Baizhi;Danggui;Kushen;Shengdihuang;Xuanshen;Ruxiang;Moyao;Mubiezi;蓖麻子;Zaojia;桐油;Songxiang
P0998,Songxiang;Baizhi;Mahuang;Wuchuan;Caowu;Wuzhuyu;Qilinxian;Naoyanghua;Hujiao;Fuzi
P0999,Zijinpi;Tiannanxin;Banxia;Huangbai;Caowu;Wuchuan;Chuangong;Danggui;Danggui;Wuyao;Baizhi;Buguzhi;Liujilu;Chuanliuxi;Sangbaipi
P1000,紫藤香;马齿苋;薯蓣;Qiandan
P1001,Baiji;Bailian;Maqianzi;商陆;Danggui;蓖麻子;Duhuo;Qianghuo;Dahuang;Chishao;Xieyutan
P1002,石膏;Baifan;枇杷叶;Songxiang;Qiandan
P1003,柏叶;Ganheye;Zaojiao;Husuibu
P1004,Chixiaodou;Wuchuan;Caowu;Ruxiang;芸苔子
P1005,Baijiaoxiang;Ruxiang;定粉;Bailian;Baizhi
P1006,Longjiang;Hugu;豹骨;Chuanshanjia;Ruxiang;Moyao
P1007,Binlang;Baidoukou;Rougui;Liuzhi;Mubiezi;Baizhi;Danggui;Dingxiang;Tiannanxin;Baifuzi;Fuzi;黄La
P1008,Dahuang;Shihui
P1009,Taoren;Zhizi;Cebai;Shengdihuang;Honghua;Danggui;Dahuang;Shexiang;Huanglian;Huangbai;Huangqin;Husuibu;薄荷;Fangfeng;Mudanpi;Rendong藤;透骨草;Gancao;Sanqi;蒲公英;金钗Shihu;鸡骨;Chishao;Zirantong;Tubiechong
P1010,Ruxiang;Moyao;Xiejie;Mubiezi;Danggui;Kuxinren;Xieyutan;Qiandan;麻油
P1011,Jianghuang;Puhuang;Husuibu;Wumingyi;Shengdihuang;Shengjiang
P1012,Shengjiang;Dahuang;Mangxiao;头Jiu糟;Jingjie;Zelan;瑞香
P1013,Xiaomai;Guomei;Goutougu;Ruxiang;Wubeizi
P1014,Gougu
P1015,Rougui;Niupijiao;Mabo;独核肥皂
P1016,Ruxiang;Xiejie;Honghua;面粉
P1017,Luomi;Bajiaogen
P1018,Sangbaipi;Tuosanggenpi;Shengjiang
P1019,Ruxiang;Danggui;Hupo;Baizhi;Moyao;Baishao;Baiji;Bailian;Liqin;Qiandan;小油;绵子;木炭;定瓷碗
P1020,Ruxiang;Baijiaoxiang;Liqin
P1021,Danggui;Mubiezi;Wuyao;Chishao;小油;Ruxiang;Liqin;Qiandan;Xiejie;Moyao;Hupo
P1022,Gualou;黄La;Baizhi;麻油;Shexiang;Songxiang;零香;Huoxiang;Kuxinren;Shengma;Huangqi;Chishao;Baiji;Bailian;Gancao
P1023,Chansu;Banxia;Tiannanxin;芋头
P1024,Caowu;绿豆粉;Baijiaoxiang
P1025,Wuchuan;Caowu;Wubeizi;Naoyanghua;Dahuang;Xieyutan;Tiannanxin;Banxia;Baiji;Bailian;Danggui;Beimu;金Yinhua;Baizhi
P1026,Qianghuo;Duhuo;Jingjie;Fangfeng;Huangbai;Baizhi;Chishao;Zhizi;Chuangong;Danggui;Xixin;Lianqiao;Mubiezi;Gancao;Sumu;Honghua;Xuanshen;Shengma;Songjie;Diyu;Baiji;白芡;Banxia;Mugua;薄荷;Shengdihuang;白菊;Jiangxiang;知母;Beimu;Jiangcan;Digupi;Kushen;Mahuang;蝉蜕;Zaojia;Jiqiao;Baishu;云皮;Huangqi;猪苓;Zexie;Liuxi;Mutong;Liangjiang;Qingjiu;山药;Aiye;Buguzhi;炮姜;Qianniuzi;Qilinxian;Kuxinren;Muzei;车前子;Liujilu;Xuduan;Wuyao;Chenpi;槐花;Xiangfu;Sharen;牛蒡子;Yuanzhi;Sanleng;Muxiang;天门冬;Maidong;Shannai;芫花;Daji;Husuibu;山豆根;石菖蒲;Shengdihuang;Cangshu;Pixie;Huafen;Haitongpi;Qingpi;Ajiao;Jiegen;Huangqin;Dahuang;Jianghuang;Quanxie;Baifan;Xieyutan;Zisu;Qiandan;水粉
P1027,Muxiang;Wuchuan;Digupi;Qianghuo;Gancao;Baizhi;Bajiaohuixiang;Tiannanxin;蓖麻子;Rougui;Badou;Xixin;Dahuang;Jingjie;Huanglian;Fangfeng;Kushen;Shengjiang;生葱;Gutongqian
